[Bootstrap] Iniciando servidor Node.js (npm run dev)...

> rest-express@1.0.0 dev
> tsx server/index.ts

[DB] sqliteFile= C:\Users\Victor\Desktop\IntegrateSystem-main\sqlite.db exists= true size= 172032
VERCEL_ENV: undefined
[DB ACTION]: Login/Busca usuário: SkelleTu em 20:14:46
[CAIXA] Erro no fechamento automático: DrizzleError: Failed to run the query 'rollback'
    at SQLJsSession.run (C:\Users\Victor\Desktop\IntegrateSystem-main\node_modules\src\sqlite-core\session.ts:148:10)
    at SQLJsSession.transaction (C:\Users\Victor\Desktop\IntegrateSystem-main\node_modules\src\sql-js\session.ts:83:9)
    ... 2 lines matching cause stack trace ...
    at autoCloseExpiredRegisters (C:\Users\Victor\Desktop\IntegrateSystem-main\server\cash-register-control.ts:116:15)
    at async startCashRegisterControl (C:\Users\Victor\Desktop\IntegrateSystem-main\server\cash-register-control.ts:125:3)
    at async initApp (C:\Users\Victor\Desktop\IntegrateSystem-main\server\app.ts:79:3)
    at async <anonymous> (C:\Users\Victor\Desktop\IntegrateSystem-main\server\index.ts:6:26) {
  cause: Error: cannot rollback - no transaction is active
      at e.handleError (C:\Users\Victor\Desktop\IntegrateSystem-main\node_modules\sql.js\dist\sql-wasm.js:90:226)
      at c.step (C:\Users\Victor\Desktop\IntegrateSystem-main\node_modules\sql.js\dist\sql-wasm.js:80:405)
      at c.run (C:\Users\Victor\Desktop\IntegrateSystem-main\node_modules\sql.js\dist\sql-wasm.js:83:87)
      at c.statement.run (C:\Users\Victor\Desktop\IntegrateSystem-main\server\local-sqlite-realtime-persistence.ts:52:24)
      at PreparedQuery.run (C:\Users\Victor\Desktop\IntegrateSystem-main\node_modules\src\sql-js\session.ts:131:28)
      at SQLJsSession.run (C:\Users\Victor\Desktop\IntegrateSystem-main\node_modules\src\sqlite-core\session.ts:146:74)
      at SQLJsSession.transaction (C:\Users\Victor\Desktop\IntegrateSystem-main\node_modules\src\sql-js\session.ts:83:9)
      at BaseSQLiteDatabase.transaction (C:\Users\Victor\Desktop\IntegrateSystem-main\node_modules\src\sqlite-core\db.ts:589:23)
      at closeAutomaticallyForDatabase (C:\Users\Victor\Desktop\IntegrateSystem-main\server\cash-register-control.ts:83:18)
      at autoCloseExpiredRegisters (C:\Users\Victor\Desktop\IntegrateSystem-main\server\cash-register-control.ts:116:15)
}
8:14:50 PM [express] serving on port 5010
[Bootstrap] Servidor OK. Iniciando Electron...
8:14:51 PM [express] GET /api/db/status 200 in 63ms :: {"status":"online","message":"Conectado ao SQLite Local","latency":15,"lastAction":"Login/Busca usuário: SkelleTu em 20:14:46","timestamp":1789514091179}

8:15:11 PM [express] GET /api/user 401 in 3ms :: {"message":"Unauthorized"}
[CAIXA] Erro no fechamento automático: DrizzleError: Failed to run the query 'rollback'
    at SQLJsSession.run (C:\Users\Victor\Desktop\IntegrateSystem-main\node_modules\src\sqlite-core\session.ts:148:10)
    at SQLJsSession.transaction (C:\Users\Victor\Desktop\IntegrateSystem-main\node_modules\src\sql-js\session.ts:83:9)
    ... 2 lines matching cause stack trace ...
    at autoCloseExpiredRegisters (C:\Users\Victor\Desktop\IntegrateSystem-main\server\cash-register-control.ts:116:15) {
  cause: Error: cannot rollback - no transaction is active
      at e.handleError (C:\Users\Victor\Desktop\IntegrateSystem-main\node_modules\sql.js\dist\sql-wasm.js:90:226)
      at c.step (C:\Users\Victor\Desktop\IntegrateSystem-main\node_modules\sql.js\dist\sql-wasm.js:80:405)
      at c.run (C:\Users\Victor\Desktop\IntegrateSystem-main\node_modules\sql.js\dist\sql-wasm.js:83:87)
      at c.statement.run (C:\Users\Victor\Desktop\IntegrateSystem-main\server\local-sqlite-realtime-persistence.ts:52:24)
      at PreparedQuery.run (C:\Users\Victor\Desktop\IntegrateSystem-main\node_modules\src\sql-js\session.ts:131:28)
      at SQLJsSession.run (C:\Users\Victor\Desktop\IntegrateSystem-main\node_modules\src\sqlite-core\session.ts:146:74)
      at SQLJsSession.transaction (C:\Users\Victor\Desktop\IntegrateSystem-main\node_modules\src\sql-js\session.ts:83:9)
      at BaseSQLiteDatabase.transaction (C:\Users\Victor\Desktop\IntegrateSystem-main\node_modules\src\sqlite-core\db.ts:589:23)
      at closeAutomaticallyForDatabase (C:\Users\Victor\Desktop\IntegrateSystem-main\server\cash-register-control.ts:83:18)
      at autoCloseExpiredRegisters (C:\Users\Victor\Desktop\IntegrateSystem-main\server\cash-register-control.ts:116:15)
}
[CAIXA] Erro no fechamento automático: DrizzleError: Failed to run the query 'rollback'
    at SQLJsSession.run (C:\Users\Victor\Desktop\IntegrateSystem-main\node_modules\src\sqlite-core\session.ts:148:10)
    at SQLJsSession.transaction (C:\Users\Victor\Desktop\IntegrateSystem-main\node_modules\src\sql-js\session.ts:83:9)
    ... 2 lines matching cause stack trace ...
    at autoCloseExpiredRegisters (C:\Users\Victor\Desktop\IntegrateSystem-main\server\cash-register-control.ts:116:15) {
  cause: Error: cannot rollback - no transaction is active
      at e.handleError (C:\Users\Victor\Desktop\IntegrateSystem-main\node_modules\sql.js\dist\sql-wasm.js:90:226)
      at c.step (C:\Users\Victor\Desktop\IntegrateSystem-main\node_modules\sql.js\dist\sql-wasm.js:80:405)
      at c.run (C:\Users\Victor\Desktop\IntegrateSystem-main\node_modules\sql.js\dist\sql-wasm.js:83:87)
      at c.statement.run (C:\Users\Victor\Desktop\IntegrateSystem-main\server\local-sqlite-realtime-persistence.ts:52:24)
      at PreparedQuery.run (C:\Users\Victor\Desktop\IntegrateSystem-main\node_modules\src\sql-js\session.ts:131:28)
      at SQLJsSession.run (C:\Users\Victor\Desktop\IntegrateSystem-main\node_modules\src\sqlite-core\session.ts:146:74)
      at SQLJsSession.transaction (C:\Users\Victor\Desktop\IntegrateSystem-main\node_modules\src\sql-js\session.ts:83:9)
      at BaseSQLiteDatabase.transaction (C:\Users\Victor\Desktop\IntegrateSystem-main\node_modules\src\sqlite-core\db.ts:589:23)
      at closeAutomaticallyForDatabase (C:\Users\Victor\Desktop\IntegrateSystem-main\server\cash-register-control.ts:83:18)
      at autoCloseExpiredRegisters (C:\Users\Victor\Desktop\IntegrateSystem-main\server\cash-register-control.ts:116:15)
}
[CAIXA] Erro no fechamento automático: DrizzleError: Failed to run the query 'rollback'
    at SQLJsSession.run (C:\Users\Victor\Desktop\IntegrateSystem-main\node_modules\src\sqlite-core\session.ts:148:10)
    at SQLJsSession.transaction (C:\Users\Victor\Desktop\IntegrateSystem-main\node_modules\src\sql-js\session.ts:83:9)
    ... 2 lines matching cause stack trace ...
    at autoCloseExpiredRegisters (C:\Users\Victor\Desktop\IntegrateSystem-main\server\cash-register-control.ts:116:15) {
  cause: Error: cannot rollback - no transaction is active
      at e.handleError (C:\Users\Victor\Desktop\IntegrateSystem-main\node_modules\sql.js\dist\sql-wasm.js:90:226)
      at c.step (C:\Users\Victor\Desktop\IntegrateSystem-main\node_modules\sql.js\dist\sql-wasm.js:80:405)
      at c.run (C:\Users\Victor\Desktop\IntegrateSystem-main\node_modules\sql.js\dist\sql-wasm.js:83:87)
      at c.statement.run (C:\Users\Victor\Desktop\IntegrateSystem-main\server\local-sqlite-realtime-persistence.ts:52:24)
      at PreparedQuery.run (C:\Users\Victor\Desktop\IntegrateSystem-main\node_modules\src\sql-js\session.ts:131:28)
      at SQLJsSession.run (C:\Users\Victor\Desktop\IntegrateSystem-main\node_modules\src\sqlite-core\session.ts:146:74)
      at SQLJsSession.transaction (C:\Users\Victor\Desktop\IntegrateSystem-main\node_modules\src\sql-js\session.ts:83:9)
      at BaseSQLiteDatabase.transaction (C:\Users\Victor\Desktop\IntegrateSystem-main\node_modules\src\sqlite-core\db.ts:589:23)
      at closeAutomaticallyForDatabase (C:\Users\Victor\Desktop\IntegrateSystem-main\server\cash-register-control.ts:83:18)
      at autoCloseExpiredRegisters (C:\Users\Victor\Desktop\IntegrateSystem-main\server\cash-register-control.ts:116:15)
}
[CAIXA] Erro no fechamento automático: DrizzleError: Failed to run the query 'rollback'
    at SQLJsSession.run (C:\Users\Victor\Desktop\IntegrateSystem-main\node_modules\src\sqlite-core\session.ts:148:10)
    at SQLJsSession.transaction (C:\Users\Victor\Desktop\IntegrateSystem-main\node_modules\src\sql-js\session.ts:83:9)
    ... 2 lines matching cause stack trace ...
    at autoCloseExpiredRegisters (C:\Users\Victor\Desktop\IntegrateSystem-main\server\cash-register-control.ts:116:15) {
  cause: Error: cannot rollback - no transaction is active
      at e.handleError (C:\Users\Victor\Desktop\IntegrateSystem-main\node_modules\sql.js\dist\sql-wasm.js:90:226)
      at c.step (C:\Users\Victor\Desktop\IntegrateSystem-main\node_modules\sql.js\dist\sql-wasm.js:80:405)
      at c.run (C:\Users\Victor\Desktop\IntegrateSystem-main\node_modules\sql.js\dist\sql-wasm.js:83:87)
      at c.statement.run (C:\Users\Victor\Desktop\IntegrateSystem-main\server\local-sqlite-realtime-persistence.ts:52:24)
      at PreparedQuery.run (C:\Users\Victor\Desktop\IntegrateSystem-main\node_modules\src\sql-js\session.ts:131:28)
      at SQLJsSession.run (C:\Users\Victor\Desktop\IntegrateSystem-main\node_modules\src\sqlite-core\session.ts:146:74)
      at SQLJsSession.transaction (C:\Users\Victor\Desktop\IntegrateSystem-main\node_modules\src\sql-js\session.ts:83:9)
      at BaseSQLiteDatabase.transaction (C:\Users\Victor\Desktop\IntegrateSystem-main\node_modules\src\sqlite-core\db.ts:589:23)
      at closeAutomaticallyForDatabase (C:\Users\Victor\Desktop\IntegrateSystem-main\server\cash-register-control.ts:83:18)
      at autoCloseExpiredRegisters (C:\Users\Victor\Desktop\IntegrateSystem-main\server\cash-register-control.ts:116:15)
}
8:17:01 PM [express] GET /api/db/status 200 in 3ms :: {"status":"online","message":"Conectado ao SQLite Local","latency":15,"lastAction":"Login/Busca usuário: SkelleTu em 20:14:46","timestamp":1789514221376}
8:17:06 PM [express] GET /api/user 401 in 3ms :: {"message":"Unauthorized"}
[CAIXA] Erro no fechamento automático: DrizzleError: Failed to run the query 'rollback'
    at SQLJsSession.run (C:\Users\Victor\Desktop\IntegrateSystem-main\node_modules\src\sqlite-core\session.ts:148:10)
    at SQLJsSession.transaction (C:\Users\Victor\Desktop\IntegrateSystem-main\node_modules\src\sql-js\session.ts:83:9)
    ... 2 lines matching cause stack trace ...
    at autoCloseExpiredRegisters (C:\Users\Victor\Desktop\IntegrateSystem-main\server\cash-register-control.ts:116:15) {
  cause: Error: cannot rollback - no transaction is active
      at e.handleError (C:\Users\Victor\Desktop\IntegrateSystem-main\node_modules\sql.js\dist\sql-wasm.js:90:226)
      at c.step (C:\Users\Victor\Desktop\IntegrateSystem-main\node_modules\sql.js\dist\sql-wasm.js:80:405)
      at c.run (C:\Users\Victor\Desktop\IntegrateSystem-main\node_modules\sql.js\dist\sql-wasm.js:83:87)
      at c.statement.run (C:\Users\Victor\Desktop\IntegrateSystem-main\server\local-sqlite-realtime-persistence.ts:52:24)
      at PreparedQuery.run (C:\Users\Victor\Desktop\IntegrateSystem-main\node_modules\src\sql-js\session.ts:131:28)
      at SQLJsSession.run (C:\Users\Victor\Desktop\IntegrateSystem-main\node_modules\src\sqlite-core\session.ts:146:74)
      at SQLJsSession.transaction (C:\Users\Victor\Desktop\IntegrateSystem-main\node_modules\src\sql-js\session.ts:83:9)
      at BaseSQLiteDatabase.transaction (C:\Users\Victor\Desktop\IntegrateSystem-main\node_modules\src\sqlite-core\db.ts:589:23)
      at closeAutomaticallyForDatabase (C:\Users\Victor\Desktop\IntegrateSystem-main\server\cash-register-control.ts:83:18)
      at autoCloseExpiredRegisters (C:\Users\Victor\Desktop\IntegrateSystem-main\server\cash-register-control.ts:116:15)
}
8:17:34 PM [express] GET /api/user 401 in 3ms :: {"message":"Unauthorized"}
[DB ACTION]: Login/Busca usuário: SkelleTu em 20:17:43
8:17:43 PM [express] POST /api/auth/login 200 in 699ms :: {"id":1,"username":"SkelleTu","password":"21f0f8fcb37fdceee70252ece9bddb8f8f7703860592c4d8330ea8956a98659ddff4267f4538dd2fcb7a0ea273f0dd911973121c1755bc81cce454dbc8ca1d9f.83991d0f7e547b41f81b9a0c75cd7e96","role":"admin","fingerprintId":null,"enterpriseId":1}
[DB ACTION]: Consulta usuário ID:1 em 20:17:43
8:17:43 PM [express] GET /api/user 200 in 16ms :: {"id":1,"username":"SkelleTu","password":"21f0f8fcb37fdceee70252ece9bddb8f8f7703860592c4d8330ea8956a98659ddff4267f4538dd2fcb7a0ea273f0dd911973121c1755bc81cce454dbc8ca1d9f.83991d0f7e547b41f81b9a0c75cd7e96","role":"admin","fingerprintId":null,"enterpriseId":1}
[DB ACTION]: Consulta usuário ID:1 em 20:17:44
[DB ACTION]: Consulta itens menu em 20:17:44
8:17:44 PM [express] GET /api/menu-items 200 in 11ms :: []
[DB ACTION]: Consulta usuário ID:1 em 20:17:44
[DB ACTION]: Consulta categorias menu em 20:17:44
8:17:44 PM [express] GET /api/categories 200 in 11ms :: []
[CAIXA] Erro no fechamento automático: DrizzleError: Failed to run the query 'rollback'
    at SQLJsSession.run (C:\Users\Victor\Desktop\IntegrateSystem-main\node_modules\src\sqlite-core\session.ts:148:10)
    at SQLJsSession.transaction (C:\Users\Victor\Desktop\IntegrateSystem-main\node_modules\src\sql-js\session.ts:83:9)
    ... 2 lines matching cause stack trace ...
    at autoCloseExpiredRegisters (C:\Users\Victor\Desktop\IntegrateSystem-main\server\cash-register-control.ts:116:15) {
  cause: Error: cannot rollback - no transaction is active
      at e.handleError (C:\Users\Victor\Desktop\IntegrateSystem-main\node_modules\sql.js\dist\sql-wasm.js:90:226)
      at c.step (C:\Users\Victor\Desktop\IntegrateSystem-main\node_modules\sql.js\dist\sql-wasm.js:80:405)
      at c.run (C:\Users\Victor\Desktop\IntegrateSystem-main\node_modules\sql.js\dist\sql-wasm.js:83:87)
      at c.statement.run (C:\Users\Victor\Desktop\IntegrateSystem-main\server\local-sqlite-realtime-persistence.ts:52:24)
      at PreparedQuery.run (C:\Users\Victor\Desktop\IntegrateSystem-main\node_modules\src\sql-js\session.ts:131:28)
      at SQLJsSession.run (C:\Users\Victor\Desktop\IntegrateSystem-main\node_modules\src\sqlite-core\session.ts:146:74)
      at SQLJsSession.transaction (C:\Users\Victor\Desktop\IntegrateSystem-main\node_modules\src\sql-js\session.ts:83:9)
      at BaseSQLiteDatabase.transaction (C:\Users\Victor\Desktop\IntegrateSystem-main\node_modules\src\sqlite-core\db.ts:589:23)
      at closeAutomaticallyForDatabase (C:\Users\Victor\Desktop\IntegrateSystem-main\server\cash-register-control.ts:83:18)
      at autoCloseExpiredRegisters (C:\Users\Victor\Desktop\IntegrateSystem-main\server\cash-register-control.ts:116:15)
}
[DB ACTION]: Consulta usuário ID:1 em 20:17:54
8:17:54 PM [express] GET /api/db/status 200 in 5ms :: {"status":"online","message":"Conectado ao SQLite Local","latency":15,"lastAction":"Consulta usuário ID:1 em 20:17:54","timestamp":1789514274752}
[DB ACTION]: Consulta usuário ID:1 em 20:18:05
8:18:05 PM [express] GET /api/db/status 200 in 11ms :: {"status":"online","message":"Conectado ao SQLite Local","latency":15,"lastAction":"Consulta usuário ID:1 em 20:18:05","timestamp":1789514285385}
[DB ACTION]: Consulta usuário ID:1 em 20:18:16
8:18:16 PM [express] GET /api/db/status 200 in 14ms :: {"status":"online","message":"Conectado ao SQLite Local","latency":15,"lastAction":"Consulta usuário ID:1 em 20:18:16","timestamp":1789514296087}
[DB ACTION]: Consulta usuário ID:1 em 20:18:17
[DB ACTION]: Verificação caixa aberto usuário ID:1 em 20:18:17
8:18:17 PM [express] GET /api/cash-register/open 200 in 17ms :: {"id":2,"userId":1,"openedAt":"2026-09-15T21:07:13.000Z","closedAt":null,"openingAmount":46500,"closingAmount":null,"difference":null,"status":"open"}
[DB ACTION]: Consulta usuário ID:1 em 20:18:17
[DB ACTION]: Consulta configurações fiscais empresa ID:1 em 20:18:17
[DB ACTION]: Consulta instituição ID:1 em 20:18:17
8:18:17 PM [express] GET /api/fiscal/settings 200 in 82ms :: {"id":1,"enterpriseId":1,"razaoSocial":"68.146.304 ELISANGELA ROSSINI ANDRADE TANGERINO","nomeFantasia":"Padaria e Mercearia Orquídeas","cnpj":"68.146.304/0001-03","inscricaoEstadual":"ISENTO","logradouro":"Rua Emerson Luiz de Carvalho","numero":"158","bairro":"Conjunto Residencial Prefeito Professor Jair Della Colleta","municipio":"Araras","codigoIbge":"3503307","uf":"SP","cep":"13606-864","regimeTributario":"1","cscToken":null,"cscId":null,"serieNfce":1,"ultimoNumeroNfce":1,"ambiente":"homologacao","simulacaoReal":false,"certificadoA1":null,"certificadoSenha":null,"printerWidth":"58mm"}
[DB ACTION]: Consulta usuário ID:1 em 20:18:17
[DB ACTION]: Consulta itens menu em 20:18:17
8:18:17 PM [express] GET /api/menu-items 200 in 38ms :: []
[DB ACTION]: Consulta usuário ID:1 em 20:18:17
[DB ACTION]: Consulta estoque completo em 20:18:17
8:18:17 PM [express] GET /api/inventory 200 in 232ms :: []
[DB ACTION]: Consulta usuário ID:1 em 20:18:17
[DB ACTION]: Consulta produtos em 20:18:17
8:18:17 PM [express] GET /api/products/cashier-items 200 in 133ms :: [{"id":500001,"_source":"product-batch","_productId":1,"_batchId":1,"name":"Papel Higiênico – Primavera 12 Rolos","price":1399,"barcode":"7896075301202","sku":"30","codigoProduto":"","codigoBalanca":"","imageUrl":null,"isAvailable":true,"unitType":"unit","unit":"Unidade","quantity":35}]
[DB ACTION]: Consulta usuário ID:1 em 20:18:17
[DB ACTION]: Consulta usuário ID:1 em 20:18:17
8:18:17 PM [express] GET /api/cash-control/status 200 in 28ms :: {"register":{"id":2,"userId":1,"openedAt":"2026-09-15T21:07:13.000Z","closedAt":null,"openingAmount":46500,"closingAmount":null,"difference":null,"status":"open"},"summary":{"register":{"id":2,"userId":1,"openedAt":"2026-09-15T21:07:13.000Z","closedAt":null,"openingAmount":46500,"closingAmount":null,"difference":null,"status":"open"},"openingAmount":46500,"cashSales":0,"replenishments":0,"withdrawals":0,"adjustments":0,"expectedAmount":46500,"movements":[{"id":2,"cashRegisterId":2,"userId":1,"type":"opening","amount":46500,"reason":"Abertura administrativa do Caixa","createdAt":"2026-09-15T21:07:14.000Z"}]},"pendingReviews":[]}
8:18:17 PM [express] GET /api/cash-audit/config 200 in 28ms :: {"toleranceCents":0}
[CAIXA] Erro no fechamento automático: DrizzleError: Failed to run the query 'rollback'
    at SQLJsSession.run (C:\Users\Victor\Desktop\IntegrateSystem-main\node_modules\src\sqlite-core\session.ts:148:10)
    at SQLJsSession.transaction (C:\Users\Victor\Desktop\IntegrateSystem-main\node_modules\src\sql-js\session.ts:83:9)
    ... 2 lines matching cause stack trace ...
    at autoCloseExpiredRegisters (C:\Users\Victor\Desktop\IntegrateSystem-main\server\cash-register-control.ts:116:15) {
  cause: Error: cannot rollback - no transaction is active
      at e.handleError (C:\Users\Victor\Desktop\IntegrateSystem-main\node_modules\sql.js\dist\sql-wasm.js:90:226)
      at c.step (C:\Users\Victor\Desktop\IntegrateSystem-main\node_modules\sql.js\dist\sql-wasm.js:80:405)
      at c.run (C:\Users\Victor\Desktop\IntegrateSystem-main\node_modules\sql.js\dist\sql-wasm.js:83:87)
      at c.statement.run (C:\Users\Victor\Desktop\IntegrateSystem-main\server\local-sqlite-realtime-persistence.ts:52:24)
      at PreparedQuery.run (C:\Users\Victor\Desktop\IntegrateSystem-main\node_modules\src\sql-js\session.ts:131:28)
      at SQLJsSession.run (C:\Users\Victor\Desktop\IntegrateSystem-main\node_modules\src\sqlite-core\session.ts:146:74)
      at SQLJsSession.transaction (C:\Users\Victor\Desktop\IntegrateSystem-main\node_modules\src\sql-js\session.ts:83:9)
      at BaseSQLiteDatabase.transaction (C:\Users\Victor\Desktop\IntegrateSystem-main\node_modules\src\sqlite-core\db.ts:589:23)
      at closeAutomaticallyForDatabase (C:\Users\Victor\Desktop\IntegrateSystem-main\server\cash-register-control.ts:83:18)
      at autoCloseExpiredRegisters (C:\Users\Victor\Desktop\IntegrateSystem-main\server\cash-register-control.ts:116:15)
}
[DB ACTION]: Consulta usuário ID:1 em 20:18:27
8:18:27 PM [express] GET /api/db/status 200 in 14ms :: {"status":"online","message":"Conectado ao SQLite Local","latency":15,"lastAction":"Consulta usuário ID:1 em 20:18:27","timestamp":1789514307338}
[DB ACTION]: Consulta usuário ID:1 em 20:18:32
8:18:32 PM [express] GET /api/cash-control/status 200 in 22ms :: {"register":{"id":2,"userId":1,"openedAt":"2026-09-15T21:07:13.000Z","closedAt":null,"openingAmount":46500,"closingAmount":null,"difference":null,"status":"open"},"summary":{"register":{"id":2,"userId":1,"openedAt":"2026-09-15T21:07:13.000Z","closedAt":null,"openingAmount":46500,"closingAmount":null,"difference":null,"status":"open"},"openingAmount":46500,"cashSales":0,"replenishments":0,"withdrawals":0,"adjustments":0,"expectedAmount":46500,"movements":[{"id":2,"cashRegisterId":2,"userId":1,"type":"opening","amount":46500,"reason":"Abertura administrativa do Caixa","createdAt":"2026-09-15T21:07:14.000Z"}]},"pendingReviews":[]}
[DB ACTION]: Consulta usuário ID:1 em 20:18:37
8:18:37 PM [express] GET /api/db/status 200 in 14ms :: {"status":"online","message":"Conectado ao SQLite Local","latency":15,"lastAction":"Consulta usuário ID:1 em 20:18:37","timestamp":1789514317512}
[DB ACTION]: Consulta usuário ID:1 em 20:18:47
8:18:47 PM [express] GET /api/db/status 200 in 14ms :: {"status":"online","message":"Conectado ao SQLite Local","latency":15,"lastAction":"Consulta usuário ID:1 em 20:18:47","timestamp":1789514327750}
[CAIXA] Erro no fechamento automático: DrizzleError: Failed to run the query 'rollback'
    at SQLJsSession.run (C:\Users\Victor\Desktop\IntegrateSystem-main\node_modules\src\sqlite-core\session.ts:148:10)
    at SQLJsSession.transaction (C:\Users\Victor\Desktop\IntegrateSystem-main\node_modules\src\sql-js\session.ts:83:9)
    ... 2 lines matching cause stack trace ...
    at autoCloseExpiredRegisters (C:\Users\Victor\Desktop\IntegrateSystem-main\server\cash-register-control.ts:116:15) {
  cause: Error: cannot rollback - no transaction is active
      at e.handleError (C:\Users\Victor\Desktop\IntegrateSystem-main\node_modules\sql.js\dist\sql-wasm.js:90:226)
      at c.step (C:\Users\Victor\Desktop\IntegrateSystem-main\node_modules\sql.js\dist\sql-wasm.js:80:405)
      at c.run (C:\Users\Victor\Desktop\IntegrateSystem-main\node_modules\sql.js\dist\sql-wasm.js:83:87)
      at c.statement.run (C:\Users\Victor\Desktop\IntegrateSystem-main\server\local-sqlite-realtime-persistence.ts:52:24)
      at PreparedQuery.run (C:\Users\Victor\Desktop\IntegrateSystem-main\node_modules\src\sql-js\session.ts:131:28)
      at SQLJsSession.run (C:\Users\Victor\Desktop\IntegrateSystem-main\node_modules\src\sqlite-core\session.ts:146:74)
      at SQLJsSession.transaction (C:\Users\Victor\Desktop\IntegrateSystem-main\node_modules\src\sql-js\session.ts:83:9)
      at BaseSQLiteDatabase.transaction (C:\Users\Victor\Desktop\IntegrateSystem-main\node_modules\src\sqlite-core\db.ts:589:23)
      at closeAutomaticallyForDatabase (C:\Users\Victor\Desktop\IntegrateSystem-main\server\cash-register-control.ts:83:18)
      at autoCloseExpiredRegisters (C:\Users\Victor\Desktop\IntegrateSystem-main\server\cash-register-control.ts:116:15)
}
[DB ACTION]: Consulta usuário ID:1 em 20:18:48
8:18:48 PM [express] GET /api/cash-control/status 200 in 22ms :: {"register":{"id":2,"userId":1,"openedAt":"2026-09-15T21:07:13.000Z","closedAt":null,"openingAmount":46500,"closingAmount":null,"difference":null,"status":"open"},"summary":{"register":{"id":2,"userId":1,"openedAt":"2026-09-15T21:07:13.000Z","closedAt":null,"openingAmount":46500,"closingAmount":null,"difference":null,"status":"open"},"openingAmount":46500,"cashSales":0,"replenishments":0,"withdrawals":0,"adjustments":0,"expectedAmount":46500,"movements":[{"id":2,"cashRegisterId":2,"userId":1,"type":"opening","amount":46500,"reason":"Abertura administrativa do Caixa","createdAt":"2026-09-15T21:07:14.000Z"}]},"pendingReviews":[]}
[DB ACTION]: Consulta usuário ID:1 em 20:18:58
8:18:58 PM [express] GET /api/db/status 200 in 8ms :: {"status":"online","message":"Conectado ao SQLite Local","latency":15,"lastAction":"Consulta usuário ID:1 em 20:18:58","timestamp":1789514338441}
[DB ACTION]: Consulta usuário ID:1 em 20:19:03
8:19:03 PM [express] GET /api/cash-control/status 200 in 30ms :: {"register":{"id":2,"userId":1,"openedAt":"2026-09-15T21:07:13.000Z","closedAt":null,"openingAmount":46500,"closingAmount":null,"difference":null,"status":"open"},"summary":{"register":{"id":2,"userId":1,"openedAt":"2026-09-15T21:07:13.000Z","closedAt":null,"openingAmount":46500,"closingAmount":null,"difference":null,"status":"open"},"openingAmount":46500,"cashSales":0,"replenishments":0,"withdrawals":0,"adjustments":0,"expectedAmount":46500,"movements":[{"id":2,"cashRegisterId":2,"userId":1,"type":"opening","amount":46500,"reason":"Abertura administrativa do Caixa","createdAt":"2026-09-15T21:07:14.000Z"}]},"pendingReviews":[]}
[DB ACTION]: Consulta usuário ID:1 em 20:19:08
8:19:08 PM [express] GET /api/db/status 200 in 4ms :: {"status":"online","message":"Conectado ao SQLite Local","latency":15,"lastAction":"Consulta usuário ID:1 em 20:19:08","timestamp":1789514348566}
[CAIXA] Erro no fechamento automático: DrizzleError: Failed to run the query 'rollback'
    at SQLJsSession.run (C:\Users\Victor\Desktop\IntegrateSystem-main\node_modules\src\sqlite-core\session.ts:148:10)
    at SQLJsSession.transaction (C:\Users\Victor\Desktop\IntegrateSystem-main\node_modules\src\sql-js\session.ts:83:9)
    ... 2 lines matching cause stack trace ...
    at autoCloseExpiredRegisters (C:\Users\Victor\Desktop\IntegrateSystem-main\server\cash-register-control.ts:116:15) {
  cause: Error: cannot rollback - no transaction is active
      at e.handleError (C:\Users\Victor\Desktop\IntegrateSystem-main\node_modules\sql.js\dist\sql-wasm.js:90:226)
      at c.step (C:\Users\Victor\Desktop\IntegrateSystem-main\node_modules\sql.js\dist\sql-wasm.js:80:405)
      at c.run (C:\Users\Victor\Desktop\IntegrateSystem-main\node_modules\sql.js\dist\sql-wasm.js:83:87)
      at c.statement.run (C:\Users\Victor\Desktop\IntegrateSystem-main\server\local-sqlite-realtime-persistence.ts:52:24)
      at PreparedQuery.run (C:\Users\Victor\Desktop\IntegrateSystem-main\node_modules\src\sql-js\session.ts:131:28)
      at SQLJsSession.run (C:\Users\Victor\Desktop\IntegrateSystem-main\node_modules\src\sqlite-core\session.ts:146:74)
      at SQLJsSession.transaction (C:\Users\Victor\Desktop\IntegrateSystem-main\node_modules\src\sql-js\session.ts:83:9)
      at BaseSQLiteDatabase.transaction (C:\Users\Victor\Desktop\IntegrateSystem-main\node_modules\src\sqlite-core\db.ts:589:23)
      at closeAutomaticallyForDatabase (C:\Users\Victor\Desktop\IntegrateSystem-main\server\cash-register-control.ts:83:18)
      at autoCloseExpiredRegisters (C:\Users\Victor\Desktop\IntegrateSystem-main\server\cash-register-control.ts:116:15)
}
[DB ACTION]: Consulta usuário ID:1 em 20:19:18
8:19:18 PM [express] GET /api/cash-control/status 200 in 35ms :: {"register":{"id":2,"userId":1,"openedAt":"2026-09-15T21:07:13.000Z","closedAt":null,"openingAmount":46500,"closingAmount":null,"difference":null,"status":"open"},"summary":{"register":{"id":2,"userId":1,"openedAt":"2026-09-15T21:07:13.000Z","closedAt":null,"openingAmount":46500,"closingAmount":null,"difference":null,"status":"open"},"openingAmount":46500,"cashSales":0,"replenishments":0,"withdrawals":0,"adjustments":0,"expectedAmount":46500,"movements":[{"id":2,"cashRegisterId":2,"userId":1,"type":"opening","amount":46500,"reason":"Abertura administrativa do Caixa","createdAt":"2026-09-15T21:07:14.000Z"}]},"pendingReviews":[]}
[DB ACTION]: Consulta usuário ID:1 em 20:19:18
8:19:18 PM [express] GET /api/db/status 200 in 4ms :: {"status":"online","message":"Conectado ao SQLite Local","latency":15,"lastAction":"Consulta usuário ID:1 em 20:19:18","timestamp":1789514358765}
[DB ACTION]: Consulta usuário ID:1 em 20:19:29
8:19:29 PM [express] GET /api/db/status 200 in 13ms :: {"status":"online","message":"Conectado ao SQLite Local","latency":15,"lastAction":"Consulta usuário ID:1 em 20:19:29","timestamp":1789514369300}
[DB ACTION]: Consulta usuário ID:1 em 20:19:34
8:19:34 PM [express] GET /api/cash-control/status 200 in 29ms :: {"register":{"id":2,"userId":1,"openedAt":"2026-09-15T21:07:13.000Z","closedAt":null,"openingAmount":46500,"closingAmount":null,"difference":null,"status":"open"},"summary":{"register":{"id":2,"userId":1,"openedAt":"2026-09-15T21:07:13.000Z","closedAt":null,"openingAmount":46500,"closingAmount":null,"difference":null,"status":"open"},"openingAmount":46500,"cashSales":0,"replenishments":0,"withdrawals":0,"adjustments":0,"expectedAmount":46500,"movements":[{"id":2,"cashRegisterId":2,"userId":1,"type":"opening","amount":46500,"reason":"Abertura administrativa do Caixa","createdAt":"2026-09-15T21:07:14.000Z"}]},"pendingReviews":[]}
[CAIXA] Erro no fechamento automático: DrizzleError: Failed to run the query 'rollback'
    at SQLJsSession.run (C:\Users\Victor\Desktop\IntegrateSystem-main\node_modules\src\sqlite-core\session.ts:148:10)
    at SQLJsSession.transaction (C:\Users\Victor\Desktop\IntegrateSystem-main\node_modules\src\sql-js\session.ts:83:9)
    ... 2 lines matching cause stack trace ...
    at autoCloseExpiredRegisters (C:\Users\Victor\Desktop\IntegrateSystem-main\server\cash-register-control.ts:116:15) {
  cause: Error: cannot rollback - no transaction is active
      at e.handleError (C:\Users\Victor\Desktop\IntegrateSystem-main\node_modules\sql.js\dist\sql-wasm.js:90:226)
      at c.step (C:\Users\Victor\Desktop\IntegrateSystem-main\node_modules\sql.js\dist\sql-wasm.js:80:405)
      at c.run (C:\Users\Victor\Desktop\IntegrateSystem-main\node_modules\sql.js\dist\sql-wasm.js:83:87)
      at c.statement.run (C:\Users\Victor\Desktop\IntegrateSystem-main\server\local-sqlite-realtime-persistence.ts:52:24)
      at PreparedQuery.run (C:\Users\Victor\Desktop\IntegrateSystem-main\node_modules\src\sql-js\session.ts:131:28)
      at SQLJsSession.run (C:\Users\Victor\Desktop\IntegrateSystem-main\node_modules\src\sqlite-core\session.ts:146:74)
      at SQLJsSession.transaction (C:\Users\Victor\Desktop\IntegrateSystem-main\node_modules\src\sql-js\session.ts:83:9)
      at BaseSQLiteDatabase.transaction (C:\Users\Victor\Desktop\IntegrateSystem-main\node_modules\src\sqlite-core\db.ts:589:23)
      at closeAutomaticallyForDatabase (C:\Users\Victor\Desktop\IntegrateSystem-main\server\cash-register-control.ts:83:18)
      at autoCloseExpiredRegisters (C:\Users\Victor\Desktop\IntegrateSystem-main\server\cash-register-control.ts:116:15)
}
[CAIXA] Erro no fechamento automático: DrizzleError: Failed to run the query 'rollback'
    at SQLJsSession.run (C:\Users\Victor\Desktop\IntegrateSystem-main\node_modules\src\sqlite-core\session.ts:148:10)
    at SQLJsSession.transaction (C:\Users\Victor\Desktop\IntegrateSystem-main\node_modules\src\sql-js\session.ts:83:9)
    ... 2 lines matching cause stack trace ...
    at autoCloseExpiredRegisters (C:\Users\Victor\Desktop\IntegrateSystem-main\server\cash-register-control.ts:116:15) {
  cause: Error: cannot rollback - no transaction is active
      at e.handleError (C:\Users\Victor\Desktop\IntegrateSystem-main\node_modules\sql.js\dist\sql-wasm.js:90:226)
      at c.step (C:\Users\Victor\Desktop\IntegrateSystem-main\node_modules\sql.js\dist\sql-wasm.js:80:405)
      at c.run (C:\Users\Victor\Desktop\IntegrateSystem-main\node_modules\sql.js\dist\sql-wasm.js:83:87)
      at c.statement.run (C:\Users\Victor\Desktop\IntegrateSystem-main\server\local-sqlite-realtime-persistence.ts:52:24)
      at PreparedQuery.run (C:\Users\Victor\Desktop\IntegrateSystem-main\node_modules\src\sql-js\session.ts:131:28)
      at SQLJsSession.run (C:\Users\Victor\Desktop\IntegrateSystem-main\node_modules\src\sqlite-core\session.ts:146:74)
      at SQLJsSession.transaction (C:\Users\Victor\Desktop\IntegrateSystem-main\node_modules\src\sql-js\session.ts:83:9)
      at BaseSQLiteDatabase.transaction (C:\Users\Victor\Desktop\IntegrateSystem-main\node_modules\src\sqlite-core\db.ts:589:23)
      at closeAutomaticallyForDatabase (C:\Users\Victor\Desktop\IntegrateSystem-main\server\cash-register-control.ts:83:18)
      at autoCloseExpiredRegisters (C:\Users\Victor\Desktop\IntegrateSystem-main\server\cash-register-control.ts:116:15)
}
[DB ACTION]: Consulta usuário ID:1 em 20:20:19
8:20:19 PM [express] GET /api/cash-control/status 200 in 11ms :: {"register":{"id":2,"userId":1,"openedAt":"2026-09-15T21:07:13.000Z","closedAt":null,"openingAmount":46500,"closingAmount":null,"difference":null,"status":"open"},"summary":{"register":{"id":2,"userId":1,"openedAt":"2026-09-15T21:07:13.000Z","closedAt":null,"openingAmount":46500,"closingAmount":null,"difference":null,"status":"open"},"openingAmount":46500,"cashSales":0,"replenishments":0,"withdrawals":0,"adjustments":0,"expectedAmount":46500,"movements":[{"id":2,"cashRegisterId":2,"userId":1,"type":"opening","amount":46500,"reason":"Abertura administrativa do Caixa","createdAt":"2026-09-15T21:07:14.000Z"}]},"pendingReviews":[]}
[DB ACTION]: Consulta usuário ID:1 em 20:20:19
8:20:19 PM [express] GET /api/db/status 200 in 9ms :: {"status":"online","message":"Conectado ao SQLite Local","latency":15,"lastAction":"Consulta usuário ID:1 em 20:20:19","timestamp":1789514419574}
[DB ACTION]: Consulta usuário ID:1 em 20:20:28
[DB ACTION]: Consulta histórico de vendas em 20:20:28
8:20:28 PM [express] GET /api/sales 200 in 19ms :: []
[DB ACTION]: Consulta usuário ID:1 em 20:20:28
8:20:28 PM [express] GET /api/cash-control/reports/history 200 in 17ms :: []
[DB ACTION]: Consulta usuário ID:1 em 20:20:29
8:20:29 PM [express] GET /api/db/status 200 in 14ms :: {"status":"online","message":"Conectado ao SQLite Local","latency":15,"lastAction":"Consulta usuário ID:1 em 20:20:29","timestamp":1789514429652}
[DB ACTION]: Consulta usuário ID:1 em 20:20:33
[DB ACTION]: Consulta produtos em 20:20:33
8:20:33 PM [express] GET /api/products 200 in 24ms :: [{"id":2,"name":"Amaciantes","brand":"","category":"Limpeza","flavor":"","unit":"Unidade","weight":"","description":"","imageUrl":null,"minStock":1,"salePrice":890,"emLiquidacao":false,"ncm":"38099110","cfop":"5102","codigoBalanca":"","codigoProduto":"","createdAt":"2026-08-01T01:52:17.000Z","updatedAt":"2026-08-01T02:22:32.000Z","totalQuantity":0,"nearestExpiry":null,"batchSkus":["35","7896056406551","36","7896527700638","58","7500435251259"]},{"id":5,"name":"Desinfetante","brand":"","category":"Limpeza","flavor":"","unit":"Unidade","weight":"","description":"","imageUrl":null,"minStock":5,"salePrice":850,"emLiquidacao":false,"ncm":"38089419","cfop":"5102","codigoBalanca":"","codigoProduto":"","createdAt":"2026-08-01T02:36:31.000Z","updatedAt":"2026-08-01T02:36:31.000Z","totalQuantity":0,"nearestExpiry":null,"batchSkus":["44","7896527700379","45","7891242457041"]},{"id":4,"name":"Detergente","brand":"","category":"Limpeza","flavor":"","unit":"Unidade","weight":"","description":"","imageUrl":null,"minStock":1,"salePrice":300,"emLiquidacao":false,"ncm":"34022000","cfop":"5102","codigoBalanca":"","codigoProduto":"","createdAt":"2026-08-01T02:27:57.000Z","updatedAt":"2026-08-01T02:27:57.000Z","totalQuantity":0,"nearestExpiry":null,"batchSkus":["41","7896098900222","42","7896105510789","43","7896105510802"]},{"id":6,"name":"Multiuso","brand":"","category":"Limpeza","flavor":"","unit":"Unidade","weight":"","description":"","imageUrl":null,"minStock":1,"salePrice":520,"emLiquidacao":false,"ncm":"34029000","cfop":"5102","codigoBalanca":"","codigoProduto":"","createdAt":"2026-08-01T02:43:50.000Z","updatedAt":"2026-08-01T02:43:50.000Z","totalQuantity":0,"nearestExpiry":null,"batchSkus":["46","7891242451551"]},{"id":8,"name":"Odorizante de Ambiente","brand":"","category":"Limpeza","flavor":"","unit":"Unidade","weight":"","description":"","imageUrl":null,"minStock":1,"salePrice":2900,"emLiquidacao":false,"ncm":"33074100","cfop":"5102","codigoBalanca":"","codigoProduto":"","createdAt":"2026-08-01T03:21:11.000Z","updatedAt":"2026-08-01T03:21:11.000Z","totalQuantity":0,"nearestExpiry":null,"batchSkus":["49","7898662113687","50","7898662113526","51","7898662110167","52","7898662110235"]},{"id":1,"name":"Papel Higiênico","brand":"","category":"Higiene Pessoal","flavor":"","unit":"Unidade","weight":"","description":"","imageUrl":null,"minStock":5,"salePrice":1399,"emLiquidacao":false,"ncm":"48181000","cfop":"5102","codigoBalanca":"","codigoProduto":"","createdAt":"2026-08-01T01:37:17.000Z","updatedAt":"2026-08-01T01:55:57.000Z","totalQuantity":35,"nearestExpiry":null,"batchSkus":["30","7896075301202","31","7899853806647","32","7899853806128","33","7899853806630"]},{"id":15,"name":"Sabão em Pedra","brand":"","category":"Limpeza","flavor":"","unit":"Unidade","weight":"","description":"","imageUrl":null,"minStock":5,"salePrice":null,"emLiquidacao":false,"ncm":"34011190","cfop":"5102","codigoBalanca":"","codigoProduto":"","createdAt":"2026-08-01T03:45:00.000Z","updatedAt":"2026-08-01T03:45:00.000Z","totalQuantity":0,"nearestExpiry":null,"batchSkus":["56","7908324403978","57"]},{"id":11,"name":"Sabão em Pó","brand":"","category":"Limpeza","flavor":"","unit":"Unidade","weight":"","description":"","imageUrl":null,"minStock":1,"salePrice":1550,"emLiquidacao":false,"ncm":"34021110","cfop":"5102","codigoBalanca":"","codigoProduto":"","createdAt":"2026-08-01T03:36:23.000Z","updatedAt":"2026-08-01T03:36:23.000Z","totalQuantity":0,"nearestExpiry":null,"batchSkus":["54","7891150108622","55","7896098909744"]},{"id":7,"name":"Triex","brand":"","category":"Limpeza","flavor":"","unit":"Unidade","weight":"","description":"","imageUrl":null,"minStock":1,"salePrice":550,"emLiquidacao":false,"ncm":"34029000","cfop":"5102","codigoBalanca":"","codigoProduto":"","createdAt":"2026-08-01T02:49:10.000Z","updatedAt":"2026-08-01T17:21:03.000Z","totalQuantity":0,"nearestExpiry":null,"batchSkus":["47","7896527700607","48","7896527700614"]},{"id":3,"name":"Água Sanitária","brand":"","category":"Limpeza","flavor":"","unit":"Unidade","weight":"","description":"","imageUrl":null,"minStock":2,"salePrice":1380,"emLiquidacao":false,"ncm":"28289011","cfop":"5102","codigoBalanca":"","codigoProduto":"","createdAt":"2026-08-01T02:02:04.000Z","updatedAt":"2026-08-01T02:08:12.000Z","totalQuantity":0,"nearestExpiry":null,"batchSkus":["37","7896013105695","38","7896219700038","39","7896524726457","40","7896098904671"]},{"id":9,"name":"Álcool","brand":"","category":"Limpeza","flavor":"","unit":"Unidade","weight":"","description":"","imageUrl":null,"minStock":1,"salePrice":989,"emLiquidacao":false,"ncm":"22072010","cfop":"5102","codigoBalanca":"","codigoProduto":"","createdAt":"2026-08-01T03:32:23.000Z","updatedAt":"2026-08-01T03:32:23.000Z","totalQuantity":0,"nearestExpiry":null,"batchSkus":["53","7898917671153"]}]
[DB ACTION]: Consulta usuário ID:1 em 20:20:33
8:20:33 PM [express] GET /api/products/snapshot 404 in 16ms :: {"message":"Produto não encontrado"}
[DB ACTION]: Consulta usuário ID:1 em 20:20:39
8:20:39 PM [express] GET /api/db/status 200 in 7ms :: {"status":"online","message":"Conectado ao SQLite Local","latency":15,"lastAction":"Consulta usuário ID:1 em 20:20:39","timestamp":1789514439907}
[CAIXA] Erro no fechamento automático: DrizzleError: Failed to run the query 'rollback'
    at SQLJsSession.run (C:\Users\Victor\Desktop\IntegrateSystem-main\node_modules\src\sqlite-core\session.ts:148:10)
    at SQLJsSession.transaction (C:\Users\Victor\Desktop\IntegrateSystem-main\node_modules\src\sql-js\session.ts:83:9)
    ... 2 lines matching cause stack trace ...
    at autoCloseExpiredRegisters (C:\Users\Victor\Desktop\IntegrateSystem-main\server\cash-register-control.ts:116:15) {
  cause: Error: cannot rollback - no transaction is active
      at e.handleError (C:\Users\Victor\Desktop\IntegrateSystem-main\node_modules\sql.js\dist\sql-wasm.js:90:226)
      at c.step (C:\Users\Victor\Desktop\IntegrateSystem-main\node_modules\sql.js\dist\sql-wasm.js:80:405)
      at c.run (C:\Users\Victor\Desktop\IntegrateSystem-main\node_modules\sql.js\dist\sql-wasm.js:83:87)
      at c.statement.run (C:\Users\Victor\Desktop\IntegrateSystem-main\server\local-sqlite-realtime-persistence.ts:52:24)
      at PreparedQuery.run (C:\Users\Victor\Desktop\IntegrateSystem-main\node_modules\src\sql-js\session.ts:131:28)
      at SQLJsSession.run (C:\Users\Victor\Desktop\IntegrateSystem-main\node_modules\src\sqlite-core\session.ts:146:74)
      at SQLJsSession.transaction (C:\Users\Victor\Desktop\IntegrateSystem-main\node_modules\src\sql-js\session.ts:83:9)
      at BaseSQLiteDatabase.transaction (C:\Users\Victor\Desktop\IntegrateSystem-main\node_modules\src\sqlite-core\db.ts:589:23)
      at closeAutomaticallyForDatabase (C:\Users\Victor\Desktop\IntegrateSystem-main\server\cash-register-control.ts:83:18)
      at autoCloseExpiredRegisters (C:\Users\Victor\Desktop\IntegrateSystem-main\server\cash-register-control.ts:116:15)
}
[CAIXA] Erro no fechamento automático: DrizzleError: Failed to run the query 'rollback'
    at SQLJsSession.run (C:\Users\Victor\Desktop\IntegrateSystem-main\node_modules\src\sqlite-core\session.ts:148:10)
    at SQLJsSession.transaction (C:\Users\Victor\Desktop\IntegrateSystem-main\node_modules\src\sql-js\session.ts:83:9)
    ... 2 lines matching cause stack trace ...
    at autoCloseExpiredRegisters (C:\Users\Victor\Desktop\IntegrateSystem-main\server\cash-register-control.ts:116:15) {
  cause: Error: cannot rollback - no transaction is active
      at e.handleError (C:\Users\Victor\Desktop\IntegrateSystem-main\node_modules\sql.js\dist\sql-wasm.js:90:226)
      at c.step (C:\Users\Victor\Desktop\IntegrateSystem-main\node_modules\sql.js\dist\sql-wasm.js:80:405)
      at c.run (C:\Users\Victor\Desktop\IntegrateSystem-main\node_modules\sql.js\dist\sql-wasm.js:83:87)
      at c.statement.run (C:\Users\Victor\Desktop\IntegrateSystem-main\server\local-sqlite-realtime-persistence.ts:52:24)
      at PreparedQuery.run (C:\Users\Victor\Desktop\IntegrateSystem-main\node_modules\src\sql-js\session.ts:131:28)
      at SQLJsSession.run (C:\Users\Victor\Desktop\IntegrateSystem-main\node_modules\src\sqlite-core\session.ts:146:74)
      at SQLJsSession.transaction (C:\Users\Victor\Desktop\IntegrateSystem-main\node_modules\src\sql-js\session.ts:83:9)
      at BaseSQLiteDatabase.transaction (C:\Users\Victor\Desktop\IntegrateSystem-main\node_modules\src\sqlite-core\db.ts:589:23)
      at closeAutomaticallyForDatabase (C:\Users\Victor\Desktop\IntegrateSystem-main\server\cash-register-control.ts:83:18)
      at autoCloseExpiredRegisters (C:\Users\Victor\Desktop\IntegrateSystem-main\server\cash-register-control.ts:116:15)
}
[CAIXA] Erro no fechamento automático: DrizzleError: Failed to run the query 'rollback'
    at SQLJsSession.run (C:\Users\Victor\Desktop\IntegrateSystem-main\node_modules\src\sqlite-core\session.ts:148:10)
    at SQLJsSession.transaction (C:\Users\Victor\Desktop\IntegrateSystem-main\node_modules\src\sql-js\session.ts:83:9)
    ... 2 lines matching cause stack trace ...
    at autoCloseExpiredRegisters (C:\Users\Victor\Desktop\IntegrateSystem-main\server\cash-register-control.ts:116:15) {
  cause: Error: cannot rollback - no transaction is active
      at e.handleError (C:\Users\Victor\Desktop\IntegrateSystem-main\node_modules\sql.js\dist\sql-wasm.js:90:226)
      at c.step (C:\Users\Victor\Desktop\IntegrateSystem-main\node_modules\sql.js\dist\sql-wasm.js:80:405)
      at c.run (C:\Users\Victor\Desktop\IntegrateSystem-main\node_modules\sql.js\dist\sql-wasm.js:83:87)
      at c.statement.run (C:\Users\Victor\Desktop\IntegrateSystem-main\server\local-sqlite-realtime-persistence.ts:52:24)
      at PreparedQuery.run (C:\Users\Victor\Desktop\IntegrateSystem-main\node_modules\src\sql-js\session.ts:131:28)
      at SQLJsSession.run (C:\Users\Victor\Desktop\IntegrateSystem-main\node_modules\src\sqlite-core\session.ts:146:74)
      at SQLJsSession.transaction (C:\Users\Victor\Desktop\IntegrateSystem-main\node_modules\src\sql-js\session.ts:83:9)
      at BaseSQLiteDatabase.transaction (C:\Users\Victor\Desktop\IntegrateSystem-main\node_modules\src\sqlite-core\db.ts:589:23)
      at closeAutomaticallyForDatabase (C:\Users\Victor\Desktop\IntegrateSystem-main\server\cash-register-control.ts:83:18)
      at autoCloseExpiredRegisters (C:\Users\Victor\Desktop\IntegrateSystem-main\server\cash-register-control.ts:116:15)
}
[CAIXA] Erro no fechamento automático: DrizzleError: Failed to run the query 'rollback'
    at SQLJsSession.run (C:\Users\Victor\Desktop\IntegrateSystem-main\node_modules\src\sqlite-core\session.ts:148:10)
    at SQLJsSession.transaction (C:\Users\Victor\Desktop\IntegrateSystem-main\node_modules\src\sql-js\session.ts:83:9)
    ... 2 lines matching cause stack trace ...
    at autoCloseExpiredRegisters (C:\Users\Victor\Desktop\IntegrateSystem-main\server\cash-register-control.ts:116:15) {
  cause: Error: cannot rollback - no transaction is active
      at e.handleError (C:\Users\Victor\Desktop\IntegrateSystem-main\node_modules\sql.js\dist\sql-wasm.js:90:226)
      at c.step (C:\Users\Victor\Desktop\IntegrateSystem-main\node_modules\sql.js\dist\sql-wasm.js:80:405)
      at c.run (C:\Users\Victor\Desktop\IntegrateSystem-main\node_modules\sql.js\dist\sql-wasm.js:83:87)
      at c.statement.run (C:\Users\Victor\Desktop\IntegrateSystem-main\server\local-sqlite-realtime-persistence.ts:52:24)
      at PreparedQuery.run (C:\Users\Victor\Desktop\IntegrateSystem-main\node_modules\src\sql-js\session.ts:131:28)
      at SQLJsSession.run (C:\Users\Victor\Desktop\IntegrateSystem-main\node_modules\src\sqlite-core\session.ts:146:74)
      at SQLJsSession.transaction (C:\Users\Victor\Desktop\IntegrateSystem-main\node_modules\src\sql-js\session.ts:83:9)
      at BaseSQLiteDatabase.transaction (C:\Users\Victor\Desktop\IntegrateSystem-main\node_modules\src\sqlite-core\db.ts:589:23)
      at closeAutomaticallyForDatabase (C:\Users\Victor\Desktop\IntegrateSystem-main\server\cash-register-control.ts:83:18)
      at autoCloseExpiredRegisters (C:\Users\Victor\Desktop\IntegrateSystem-main\server\cash-register-control.ts:116:15)
}
[CAIXA] Erro no fechamento automático: DrizzleError: Failed to run the query 'rollback'
    at SQLJsSession.run (C:\Users\Victor\Desktop\IntegrateSystem-main\node_modules\src\sqlite-core\session.ts:148:10)
    at SQLJsSession.transaction (C:\Users\Victor\Desktop\IntegrateSystem-main\node_modules\src\sql-js\session.ts:83:9)
    ... 2 lines matching cause stack trace ...
    at autoCloseExpiredRegisters (C:\Users\Victor\Desktop\IntegrateSystem-main\server\cash-register-control.ts:116:15) {
  cause: Error: cannot rollback - no transaction is active
      at e.handleError (C:\Users\Victor\Desktop\IntegrateSystem-main\node_modules\sql.js\dist\sql-wasm.js:90:226)
      at c.step (C:\Users\Victor\Desktop\IntegrateSystem-main\node_modules\sql.js\dist\sql-wasm.js:80:405)
      at c.run (C:\Users\Victor\Desktop\IntegrateSystem-main\node_modules\sql.js\dist\sql-wasm.js:83:87)
      at c.statement.run (C:\Users\Victor\Desktop\IntegrateSystem-main\server\local-sqlite-realtime-persistence.ts:52:24)
      at PreparedQuery.run (C:\Users\Victor\Desktop\IntegrateSystem-main\node_modules\src\sql-js\session.ts:131:28)
      at SQLJsSession.run (C:\Users\Victor\Desktop\IntegrateSystem-main\node_modules\src\sqlite-core\session.ts:146:74)
      at SQLJsSession.transaction (C:\Users\Victor\Desktop\IntegrateSystem-main\node_modules\src\sql-js\session.ts:83:9)
      at BaseSQLiteDatabase.transaction (C:\Users\Victor\Desktop\IntegrateSystem-main\node_modules\src\sqlite-core\db.ts:589:23)
      at closeAutomaticallyForDatabase (C:\Users\Victor\Desktop\IntegrateSystem-main\server\cash-register-control.ts:83:18)
      at autoCloseExpiredRegisters (C:\Users\Victor\Desktop\IntegrateSystem-main\server\cash-register-control.ts:116:15)
}
[CAIXA] Erro no fechamento automático: DrizzleError: Failed to run the query 'rollback'
    at SQLJsSession.run (C:\Users\Victor\Desktop\IntegrateSystem-main\node_modules\src\sqlite-core\session.ts:148:10)
    at SQLJsSession.transaction (C:\Users\Victor\Desktop\IntegrateSystem-main\node_modules\src\sql-js\session.ts:83:9)
    ... 2 lines matching cause stack trace ...
    at autoCloseExpiredRegisters (C:\Users\Victor\Desktop\IntegrateSystem-main\server\cash-register-control.ts:116:15) {
  cause: Error: cannot rollback - no transaction is active
      at e.handleError (C:\Users\Victor\Desktop\IntegrateSystem-main\node_modules\sql.js\dist\sql-wasm.js:90:226)
      at c.step (C:\Users\Victor\Desktop\IntegrateSystem-main\node_modules\sql.js\dist\sql-wasm.js:80:405)
      at c.run (C:\Users\Victor\Desktop\IntegrateSystem-main\node_modules\sql.js\dist\sql-wasm.js:83:87)
      at c.statement.run (C:\Users\Victor\Desktop\IntegrateSystem-main\server\local-sqlite-realtime-persistence.ts:52:24)
      at PreparedQuery.run (C:\Users\Victor\Desktop\IntegrateSystem-main\node_modules\src\sql-js\session.ts:131:28)
      at SQLJsSession.run (C:\Users\Victor\Desktop\IntegrateSystem-main\node_modules\src\sqlite-core\session.ts:146:74)
      at SQLJsSession.transaction (C:\Users\Victor\Desktop\IntegrateSystem-main\node_modules\src\sql-js\session.ts:83:9)
      at BaseSQLiteDatabase.transaction (C:\Users\Victor\Desktop\IntegrateSystem-main\node_modules\src\sqlite-core\db.ts:589:23)
      at closeAutomaticallyForDatabase (C:\Users\Victor\Desktop\IntegrateSystem-main\server\cash-register-control.ts:83:18)
      at autoCloseExpiredRegisters (C:\Users\Victor\Desktop\IntegrateSystem-main\server\cash-register-control.ts:116:15)
}
[CAIXA] Erro no fechamento automático: DrizzleError: Failed to run the query 'rollback'
    at SQLJsSession.run (C:\Users\Victor\Desktop\IntegrateSystem-main\node_modules\src\sqlite-core\session.ts:148:10)
    at SQLJsSession.transaction (C:\Users\Victor\Desktop\IntegrateSystem-main\node_modules\src\sql-js\session.ts:83:9)
    ... 2 lines matching cause stack trace ...
    at autoCloseExpiredRegisters (C:\Users\Victor\Desktop\IntegrateSystem-main\server\cash-register-control.ts:116:15) {
  cause: Error: cannot rollback - no transaction is active
      at e.handleError (C:\Users\Victor\Desktop\IntegrateSystem-main\node_modules\sql.js\dist\sql-wasm.js:90:226)
      at c.step (C:\Users\Victor\Desktop\IntegrateSystem-main\node_modules\sql.js\dist\sql-wasm.js:80:405)
      at c.run (C:\Users\Victor\Desktop\IntegrateSystem-main\node_modules\sql.js\dist\sql-wasm.js:83:87)
      at c.statement.run (C:\Users\Victor\Desktop\IntegrateSystem-main\server\local-sqlite-realtime-persistence.ts:52:24)
      at PreparedQuery.run (C:\Users\Victor\Desktop\IntegrateSystem-main\node_modules\src\sql-js\session.ts:131:28)
      at SQLJsSession.run (C:\Users\Victor\Desktop\IntegrateSystem-main\node_modules\src\sqlite-core\session.ts:146:74)
      at SQLJsSession.transaction (C:\Users\Victor\Desktop\IntegrateSystem-main\node_modules\src\sql-js\session.ts:83:9)
      at BaseSQLiteDatabase.transaction (C:\Users\Victor\Desktop\IntegrateSystem-main\node_modules\src\sqlite-core\db.ts:589:23)
      at closeAutomaticallyForDatabase (C:\Users\Victor\Desktop\IntegrateSystem-main\server\cash-register-control.ts:83:18)
      at autoCloseExpiredRegisters (C:\Users\Victor\Desktop\IntegrateSystem-main\server\cash-register-control.ts:116:15)
}
[CAIXA] Erro no fechamento automático: DrizzleError: Failed to run the query 'rollback'
    at SQLJsSession.run (C:\Users\Victor\Desktop\IntegrateSystem-main\node_modules\src\sqlite-core\session.ts:148:10)
    at SQLJsSession.transaction (C:\Users\Victor\Desktop\IntegrateSystem-main\node_modules\src\sql-js\session.ts:83:9)
    ... 2 lines matching cause stack trace ...
    at autoCloseExpiredRegisters (C:\Users\Victor\Desktop\IntegrateSystem-main\server\cash-register-control.ts:116:15) {
  cause: Error: cannot rollback - no transaction is active
      at e.handleError (C:\Users\Victor\Desktop\IntegrateSystem-main\node_modules\sql.js\dist\sql-wasm.js:90:226)
      at c.step (C:\Users\Victor\Desktop\IntegrateSystem-main\node_modules\sql.js\dist\sql-wasm.js:80:405)
      at c.run (C:\Users\Victor\Desktop\IntegrateSystem-main\node_modules\sql.js\dist\sql-wasm.js:83:87)
      at c.statement.run (C:\Users\Victor\Desktop\IntegrateSystem-main\server\local-sqlite-realtime-persistence.ts:52:24)
      at PreparedQuery.run (C:\Users\Victor\Desktop\IntegrateSystem-main\node_modules\src\sql-js\session.ts:131:28)
      at SQLJsSession.run (C:\Users\Victor\Desktop\IntegrateSystem-main\node_modules\src\sqlite-core\session.ts:146:74)
      at SQLJsSession.transaction (C:\Users\Victor\Desktop\IntegrateSystem-main\node_modules\src\sql-js\session.ts:83:9)
      at BaseSQLiteDatabase.transaction (C:\Users\Victor\Desktop\IntegrateSystem-main\node_modules\src\sqlite-core\db.ts:589:23)
      at closeAutomaticallyForDatabase (C:\Users\Victor\Desktop\IntegrateSystem-main\server\cash-register-control.ts:83:18)
      at autoCloseExpiredRegisters (C:\Users\Victor\Desktop\IntegrateSystem-main\server\cash-register-control.ts:116:15)
}
[CAIXA] Erro no fechamento automático: DrizzleError: Failed to run the query 'rollback'
    at SQLJsSession.run (C:\Users\Victor\Desktop\IntegrateSystem-main\node_modules\src\sqlite-core\session.ts:148:10)
    at SQLJsSession.transaction (C:\Users\Victor\Desktop\IntegrateSystem-main\node_modules\src\sql-js\session.ts:83:9)
    ... 2 lines matching cause stack trace ...
    at autoCloseExpiredRegisters (C:\Users\Victor\Desktop\IntegrateSystem-main\server\cash-register-control.ts:116:15) {
  cause: Error: cannot rollback - no transaction is active
      at e.handleError (C:\Users\Victor\Desktop\IntegrateSystem-main\node_modules\sql.js\dist\sql-wasm.js:90:226)
      at c.step (C:\Users\Victor\Desktop\IntegrateSystem-main\node_modules\sql.js\dist\sql-wasm.js:80:405)
      at c.run (C:\Users\Victor\Desktop\IntegrateSystem-main\node_modules\sql.js\dist\sql-wasm.js:83:87)
      at c.statement.run (C:\Users\Victor\Desktop\IntegrateSystem-main\server\local-sqlite-realtime-persistence.ts:52:24)
      at PreparedQuery.run (C:\Users\Victor\Desktop\IntegrateSystem-main\node_modules\src\sql-js\session.ts:131:28)
      at SQLJsSession.run (C:\Users\Victor\Desktop\IntegrateSystem-main\node_modules\src\sqlite-core\session.ts:146:74)
      at SQLJsSession.transaction (C:\Users\Victor\Desktop\IntegrateSystem-main\node_modules\src\sql-js\session.ts:83:9)
      at BaseSQLiteDatabase.transaction (C:\Users\Victor\Desktop\IntegrateSystem-main\node_modules\src\sqlite-core\db.ts:589:23)
      at closeAutomaticallyForDatabase (C:\Users\Victor\Desktop\IntegrateSystem-main\server\cash-register-control.ts:83:18)
      at autoCloseExpiredRegisters (C:\Users\Victor\Desktop\IntegrateSystem-main\server\cash-register-control.ts:116:15)
}
[CAIXA] Erro no fechamento automático: DrizzleError: Failed to run the query 'rollback'
    at SQLJsSession.run (C:\Users\Victor\Desktop\IntegrateSystem-main\node_modules\src\sqlite-core\session.ts:148:10)
    at SQLJsSession.transaction (C:\Users\Victor\Desktop\IntegrateSystem-main\node_modules\src\sql-js\session.ts:83:9)
    ... 2 lines matching cause stack trace ...
    at autoCloseExpiredRegisters (C:\Users\Victor\Desktop\IntegrateSystem-main\server\cash-register-control.ts:116:15) {
  cause: Error: cannot rollback - no transaction is active
      at e.handleError (C:\Users\Victor\Desktop\IntegrateSystem-main\node_modules\sql.js\dist\sql-wasm.js:90:226)
      at c.step (C:\Users\Victor\Desktop\IntegrateSystem-main\node_modules\sql.js\dist\sql-wasm.js:80:405)
      at c.run (C:\Users\Victor\Desktop\IntegrateSystem-main\node_modules\sql.js\dist\sql-wasm.js:83:87)
      at c.statement.run (C:\Users\Victor\Desktop\IntegrateSystem-main\server\local-sqlite-realtime-persistence.ts:52:24)
      at PreparedQuery.run (C:\Users\Victor\Desktop\IntegrateSystem-main\node_modules\src\sql-js\session.ts:131:28)
      at SQLJsSession.run (C:\Users\Victor\Desktop\IntegrateSystem-main\node_modules\src\sqlite-core\session.ts:146:74)
      at SQLJsSession.transaction (C:\Users\Victor\Desktop\IntegrateSystem-main\node_modules\src\sql-js\session.ts:83:9)
      at BaseSQLiteDatabase.transaction (C:\Users\Victor\Desktop\IntegrateSystem-main\node_modules\src\sqlite-core\db.ts:589:23)
      at closeAutomaticallyForDatabase (C:\Users\Victor\Desktop\IntegrateSystem-main\server\cash-register-control.ts:83:18)
      at autoCloseExpiredRegisters (C:\Users\Victor\Desktop\IntegrateSystem-main\server\cash-register-control.ts:116:15)
}
[CAIXA] Erro no fechamento automático: DrizzleError: Failed to run the query 'rollback'
    at SQLJsSession.run (C:\Users\Victor\Desktop\IntegrateSystem-main\node_modules\src\sqlite-core\session.ts:148:10)
    at SQLJsSession.transaction (C:\Users\Victor\Desktop\IntegrateSystem-main\node_modules\src\sql-js\session.ts:83:9)
    ... 2 lines matching cause stack trace ...
    at autoCloseExpiredRegisters (C:\Users\Victor\Desktop\IntegrateSystem-main\server\cash-register-control.ts:116:15) {
  cause: Error: cannot rollback - no transaction is active
      at e.handleError (C:\Users\Victor\Desktop\IntegrateSystem-main\node_modules\sql.js\dist\sql-wasm.js:90:226)
      at c.step (C:\Users\Victor\Desktop\IntegrateSystem-main\node_modules\sql.js\dist\sql-wasm.js:80:405)
      at c.run (C:\Users\Victor\Desktop\IntegrateSystem-main\node_modules\sql.js\dist\sql-wasm.js:83:87)
      at c.statement.run (C:\Users\Victor\Desktop\IntegrateSystem-main\server\local-sqlite-realtime-persistence.ts:52:24)
      at PreparedQuery.run (C:\Users\Victor\Desktop\IntegrateSystem-main\node_modules\src\sql-js\session.ts:131:28)
      at SQLJsSession.run (C:\Users\Victor\Desktop\IntegrateSystem-main\node_modules\src\sqlite-core\session.ts:146:74)
      at SQLJsSession.transaction (C:\Users\Victor\Desktop\IntegrateSystem-main\node_modules\src\sql-js\session.ts:83:9)
      at BaseSQLiteDatabase.transaction (C:\Users\Victor\Desktop\IntegrateSystem-main\node_modules\src\sqlite-core\db.ts:589:23)
      at closeAutomaticallyForDatabase (C:\Users\Victor\Desktop\IntegrateSystem-main\server\cash-register-control.ts:83:18)
      at autoCloseExpiredRegisters (C:\Users\Victor\Desktop\IntegrateSystem-main\server\cash-register-control.ts:116:15)
}
[CAIXA] Erro no fechamento automático: DrizzleError: Failed to run the query 'rollback'
    at SQLJsSession.run (C:\Users\Victor\Desktop\IntegrateSystem-main\node_modules\src\sqlite-core\session.ts:148:10)
    at SQLJsSession.transaction (C:\Users\Victor\Desktop\IntegrateSystem-main\node_modules\src\sql-js\session.ts:83:9)
    ... 2 lines matching cause stack trace ...
    at autoCloseExpiredRegisters (C:\Users\Victor\Desktop\IntegrateSystem-main\server\cash-register-control.ts:116:15) {
  cause: Error: cannot rollback - no transaction is active
      at e.handleError (C:\Users\Victor\Desktop\IntegrateSystem-main\node_modules\sql.js\dist\sql-wasm.js:90:226)
      at c.step (C:\Users\Victor\Desktop\IntegrateSystem-main\node_modules\sql.js\dist\sql-wasm.js:80:405)
      at c.run (C:\Users\Victor\Desktop\IntegrateSystem-main\node_modules\sql.js\dist\sql-wasm.js:83:87)
      at c.statement.run (C:\Users\Victor\Desktop\IntegrateSystem-main\server\local-sqlite-realtime-persistence.ts:52:24)
      at PreparedQuery.run (C:\Users\Victor\Desktop\IntegrateSystem-main\node_modules\src\sql-js\session.ts:131:28)
      at SQLJsSession.run (C:\Users\Victor\Desktop\IntegrateSystem-main\node_modules\src\sqlite-core\session.ts:146:74)
      at SQLJsSession.transaction (C:\Users\Victor\Desktop\IntegrateSystem-main\node_modules\src\sql-js\session.ts:83:9)
      at BaseSQLiteDatabase.transaction (C:\Users\Victor\Desktop\IntegrateSystem-main\node_modules\src\sqlite-core\db.ts:589:23)
      at closeAutomaticallyForDatabase (C:\Users\Victor\Desktop\IntegrateSystem-main\server\cash-register-control.ts:83:18)
      at autoCloseExpiredRegisters (C:\Users\Victor\Desktop\IntegrateSystem-main\server\cash-register-control.ts:116:15)
}
[DB ACTION]: Consulta usuário ID:1 em 20:26:48
[DB ACTION]: Consulta produtos em 20:26:48
8:26:48 PM [express] GET /api/products 200 in 7ms :: [{"id":2,"name":"Amaciantes","brand":"","category":"Limpeza","flavor":"","unit":"Unidade","weight":"","description":"","imageUrl":null,"minStock":1,"salePrice":890,"emLiquidacao":false,"ncm":"38099110","cfop":"5102","codigoBalanca":"","codigoProduto":"","createdAt":"2026-08-01T01:52:17.000Z","updatedAt":"2026-08-01T02:22:32.000Z","totalQuantity":0,"nearestExpiry":null,"batchSkus":["35","7896056406551","36","7896527700638","58","7500435251259"]},{"id":5,"name":"Desinfetante","brand":"","category":"Limpeza","flavor":"","unit":"Unidade","weight":"","description":"","imageUrl":null,"minStock":5,"salePrice":850,"emLiquidacao":false,"ncm":"38089419","cfop":"5102","codigoBalanca":"","codigoProduto":"","createdAt":"2026-08-01T02:36:31.000Z","updatedAt":"2026-08-01T02:36:31.000Z","totalQuantity":0,"nearestExpiry":null,"batchSkus":["44","7896527700379","45","7891242457041"]},{"id":4,"name":"Detergente","brand":"","category":"Limpeza","flavor":"","unit":"Unidade","weight":"","description":"","imageUrl":null,"minStock":1,"salePrice":300,"emLiquidacao":false,"ncm":"34022000","cfop":"5102","codigoBalanca":"","codigoProduto":"","createdAt":"2026-08-01T02:27:57.000Z","updatedAt":"2026-08-01T02:27:57.000Z","totalQuantity":0,"nearestExpiry":null,"batchSkus":["41","7896098900222","42","7896105510789","43","7896105510802"]},{"id":6,"name":"Multiuso","brand":"","category":"Limpeza","flavor":"","unit":"Unidade","weight":"","description":"","imageUrl":null,"minStock":1,"salePrice":520,"emLiquidacao":false,"ncm":"34029000","cfop":"5102","codigoBalanca":"","codigoProduto":"","createdAt":"2026-08-01T02:43:50.000Z","updatedAt":"2026-08-01T02:43:50.000Z","totalQuantity":0,"nearestExpiry":null,"batchSkus":["46","7891242451551"]},{"id":8,"name":"Odorizante de Ambiente","brand":"","category":"Limpeza","flavor":"","unit":"Unidade","weight":"","description":"","imageUrl":null,"minStock":1,"salePrice":2900,"emLiquidacao":false,"ncm":"33074100","cfop":"5102","codigoBalanca":"","codigoProduto":"","createdAt":"2026-08-01T03:21:11.000Z","updatedAt":"2026-08-01T03:21:11.000Z","totalQuantity":0,"nearestExpiry":null,"batchSkus":["49","7898662113687","50","7898662113526","51","7898662110167","52","7898662110235"]},{"id":1,"name":"Papel Higiênico","brand":"","category":"Higiene Pessoal","flavor":"","unit":"Unidade","weight":"","description":"","imageUrl":null,"minStock":5,"salePrice":1399,"emLiquidacao":false,"ncm":"48181000","cfop":"5102","codigoBalanca":"","codigoProduto":"","createdAt":"2026-08-01T01:37:17.000Z","updatedAt":"2026-08-01T01:55:57.000Z","totalQuantity":35,"nearestExpiry":null,"batchSkus":["30","7896075301202","31","7899853806647","32","7899853806128","33","7899853806630"]},{"id":15,"name":"Sabão em Pedra","brand":"","category":"Limpeza","flavor":"","unit":"Unidade","weight":"","description":"","imageUrl":null,"minStock":5,"salePrice":null,"emLiquidacao":false,"ncm":"34011190","cfop":"5102","codigoBalanca":"","codigoProduto":"","createdAt":"2026-08-01T03:45:00.000Z","updatedAt":"2026-08-01T03:45:00.000Z","totalQuantity":0,"nearestExpiry":null,"batchSkus":["56","7908324403978","57"]},{"id":11,"name":"Sabão em Pó","brand":"","category":"Limpeza","flavor":"","unit":"Unidade","weight":"","description":"","imageUrl":null,"minStock":1,"salePrice":1550,"emLiquidacao":false,"ncm":"34021110","cfop":"5102","codigoBalanca":"","codigoProduto":"","createdAt":"2026-08-01T03:36:23.000Z","updatedAt":"2026-08-01T03:36:23.000Z","totalQuantity":0,"nearestExpiry":null,"batchSkus":["54","7891150108622","55","7896098909744"]},{"id":7,"name":"Triex","brand":"","category":"Limpeza","flavor":"","unit":"Unidade","weight":"","description":"","imageUrl":null,"minStock":1,"salePrice":550,"emLiquidacao":false,"ncm":"34029000","cfop":"5102","codigoBalanca":"","codigoProduto":"","createdAt":"2026-08-01T02:49:10.000Z","updatedAt":"2026-08-01T17:21:03.000Z","totalQuantity":0,"nearestExpiry":null,"batchSkus":["47","7896527700607","48","7896527700614"]},{"id":3,"name":"Água Sanitária","brand":"","category":"Limpeza","flavor":"","unit":"Unidade","weight":"","description":"","imageUrl":null,"minStock":2,"salePrice":1380,"emLiquidacao":false,"ncm":"28289011","cfop":"5102","codigoBalanca":"","codigoProduto":"","createdAt":"2026-08-01T02:02:04.000Z","updatedAt":"2026-08-01T02:08:12.000Z","totalQuantity":0,"nearestExpiry":null,"batchSkus":["37","7896013105695","38","7896219700038","39","7896524726457","40","7896098904671"]},{"id":9,"name":"Álcool","brand":"","category":"Limpeza","flavor":"","unit":"Unidade","weight":"","description":"","imageUrl":null,"minStock":1,"salePrice":989,"emLiquidacao":false,"ncm":"22072010","cfop":"5102","codigoBalanca":"","codigoProduto":"","createdAt":"2026-08-01T03:32:23.000Z","updatedAt":"2026-08-01T03:32:23.000Z","totalQuantity":0,"nearestExpiry":null,"batchSkus":["53","7898917671153"]}]
[DB ACTION]: Consulta usuário ID:1 em 20:26:48
8:26:48 PM [express] GET /api/db/status 200 in 5ms :: {"status":"online","message":"Conectado ao SQLite Local","latency":15,"lastAction":"Consulta usuário ID:1 em 20:26:48","timestamp":1789514808370}
[CAIXA] Erro no fechamento automático: DrizzleError: Failed to run the query 'rollback'
    at SQLJsSession.run (C:\Users\Victor\Desktop\IntegrateSystem-main\node_modules\src\sqlite-core\session.ts:148:10)
    at SQLJsSession.transaction (C:\Users\Victor\Desktop\IntegrateSystem-main\node_modules\src\sql-js\session.ts:83:9)
    ... 2 lines matching cause stack trace ...
    at autoCloseExpiredRegisters (C:\Users\Victor\Desktop\IntegrateSystem-main\server\cash-register-control.ts:116:15) {
  cause: Error: cannot rollback - no transaction is active
      at e.handleError (C:\Users\Victor\Desktop\IntegrateSystem-main\node_modules\sql.js\dist\sql-wasm.js:90:226)
      at c.step (C:\Users\Victor\Desktop\IntegrateSystem-main\node_modules\sql.js\dist\sql-wasm.js:80:405)
      at c.run (C:\Users\Victor\Desktop\IntegrateSystem-main\node_modules\sql.js\dist\sql-wasm.js:83:87)
      at c.statement.run (C:\Users\Victor\Desktop\IntegrateSystem-main\server\local-sqlite-realtime-persistence.ts:52:24)
      at PreparedQuery.run (C:\Users\Victor\Desktop\IntegrateSystem-main\node_modules\src\sql-js\session.ts:131:28)
      at SQLJsSession.run (C:\Users\Victor\Desktop\IntegrateSystem-main\node_modules\src\sqlite-core\session.ts:146:74)
      at SQLJsSession.transaction (C:\Users\Victor\Desktop\IntegrateSystem-main\node_modules\src\sql-js\session.ts:83:9)
      at BaseSQLiteDatabase.transaction (C:\Users\Victor\Desktop\IntegrateSystem-main\node_modules\src\sqlite-core\db.ts:589:23)
      at closeAutomaticallyForDatabase (C:\Users\Victor\Desktop\IntegrateSystem-main\server\cash-register-control.ts:83:18)
      at autoCloseExpiredRegisters (C:\Users\Victor\Desktop\IntegrateSystem-main\server\cash-register-control.ts:116:15)
}
[CAIXA] Erro no fechamento automático: DrizzleError: Failed to run the query 'rollback'
    at SQLJsSession.run (C:\Users\Victor\Desktop\IntegrateSystem-main\node_modules\src\sqlite-core\session.ts:148:10)
    at SQLJsSession.transaction (C:\Users\Victor\Desktop\IntegrateSystem-main\node_modules\src\sql-js\session.ts:83:9)
    ... 2 lines matching cause stack trace ...
    at autoCloseExpiredRegisters (C:\Users\Victor\Desktop\IntegrateSystem-main\server\cash-register-control.ts:116:15) {
  cause: Error: cannot rollback - no transaction is active
      at e.handleError (C:\Users\Victor\Desktop\IntegrateSystem-main\node_modules\sql.js\dist\sql-wasm.js:90:226)
      at c.step (C:\Users\Victor\Desktop\IntegrateSystem-main\node_modules\sql.js\dist\sql-wasm.js:80:405)
      at c.run (C:\Users\Victor\Desktop\IntegrateSystem-main\node_modules\sql.js\dist\sql-wasm.js:83:87)
      at c.statement.run (C:\Users\Victor\Desktop\IntegrateSystem-main\server\local-sqlite-realtime-persistence.ts:52:24)
      at PreparedQuery.run (C:\Users\Victor\Desktop\IntegrateSystem-main\node_modules\src\sql-js\session.ts:131:28)
      at SQLJsSession.run (C:\Users\Victor\Desktop\IntegrateSystem-main\node_modules\src\sqlite-core\session.ts:146:74)
      at SQLJsSession.transaction (C:\Users\Victor\Desktop\IntegrateSystem-main\node_modules\src\sql-js\session.ts:83:9)
      at BaseSQLiteDatabase.transaction (C:\Users\Victor\Desktop\IntegrateSystem-main\node_modules\src\sqlite-core\db.ts:589:23)
      at closeAutomaticallyForDatabase (C:\Users\Victor\Desktop\IntegrateSystem-main\server\cash-register-control.ts:83:18)
      at autoCloseExpiredRegisters (C:\Users\Victor\Desktop\IntegrateSystem-main\server\cash-register-control.ts:116:15)
}
[DB ACTION]: Consulta usuário ID:1 em 20:27:45
[DB ACTION]: Consulta produtos em 20:27:45
8:27:45 PM [express] GET /api/products 200 in 26ms :: [{"id":2,"name":"Amaciantes","brand":"","category":"Limpeza","flavor":"","unit":"Unidade","weight":"","description":"","imageUrl":null,"minStock":1,"salePrice":890,"emLiquidacao":false,"ncm":"38099110","cfop":"5102","codigoBalanca":"","codigoProduto":"","createdAt":"2026-08-01T01:52:17.000Z","updatedAt":"2026-08-01T02:22:32.000Z","totalQuantity":0,"nearestExpiry":null,"batchSkus":["35","7896056406551","36","7896527700638","58","7500435251259"]},{"id":5,"name":"Desinfetante","brand":"","category":"Limpeza","flavor":"","unit":"Unidade","weight":"","description":"","imageUrl":null,"minStock":5,"salePrice":850,"emLiquidacao":false,"ncm":"38089419","cfop":"5102","codigoBalanca":"","codigoProduto":"","createdAt":"2026-08-01T02:36:31.000Z","updatedAt":"2026-08-01T02:36:31.000Z","totalQuantity":0,"nearestExpiry":null,"batchSkus":["44","7896527700379","45","7891242457041"]},{"id":4,"name":"Detergente","brand":"","category":"Limpeza","flavor":"","unit":"Unidade","weight":"","description":"","imageUrl":null,"minStock":1,"salePrice":300,"emLiquidacao":false,"ncm":"34022000","cfop":"5102","codigoBalanca":"","codigoProduto":"","createdAt":"2026-08-01T02:27:57.000Z","updatedAt":"2026-08-01T02:27:57.000Z","totalQuantity":0,"nearestExpiry":null,"batchSkus":["41","7896098900222","42","7896105510789","43","7896105510802"]},{"id":6,"name":"Multiuso","brand":"","category":"Limpeza","flavor":"","unit":"Unidade","weight":"","description":"","imageUrl":null,"minStock":1,"salePrice":520,"emLiquidacao":false,"ncm":"34029000","cfop":"5102","codigoBalanca":"","codigoProduto":"","createdAt":"2026-08-01T02:43:50.000Z","updatedAt":"2026-08-01T02:43:50.000Z","totalQuantity":0,"nearestExpiry":null,"batchSkus":["46","7891242451551"]},{"id":8,"name":"Odorizante de Ambiente","brand":"","category":"Limpeza","flavor":"","unit":"Unidade","weight":"","description":"","imageUrl":null,"minStock":1,"salePrice":2900,"emLiquidacao":false,"ncm":"33074100","cfop":"5102","codigoBalanca":"","codigoProduto":"","createdAt":"2026-08-01T03:21:11.000Z","updatedAt":"2026-08-01T03:21:11.000Z","totalQuantity":0,"nearestExpiry":null,"batchSkus":["49","7898662113687","50","7898662113526","51","7898662110167","52","7898662110235"]},{"id":1,"name":"Papel Higiênico","brand":"","category":"Higiene Pessoal","flavor":"","unit":"Unidade","weight":"","description":"","imageUrl":null,"minStock":5,"salePrice":1399,"emLiquidacao":false,"ncm":"48181000","cfop":"5102","codigoBalanca":"","codigoProduto":"","createdAt":"2026-08-01T01:37:17.000Z","updatedAt":"2026-08-01T01:55:57.000Z","totalQuantity":35,"nearestExpiry":null,"batchSkus":["30","7896075301202","31","7899853806647","32","7899853806128","33","7899853806630"]},{"id":15,"name":"Sabão em Pedra","brand":"","category":"Limpeza","flavor":"","unit":"Unidade","weight":"","description":"","imageUrl":null,"minStock":5,"salePrice":null,"emLiquidacao":false,"ncm":"34011190","cfop":"5102","codigoBalanca":"","codigoProduto":"","createdAt":"2026-08-01T03:45:00.000Z","updatedAt":"2026-08-01T03:45:00.000Z","totalQuantity":0,"nearestExpiry":null,"batchSkus":["56","7908324403978","57"]},{"id":11,"name":"Sabão em Pó","brand":"","category":"Limpeza","flavor":"","unit":"Unidade","weight":"","description":"","imageUrl":null,"minStock":1,"salePrice":1550,"emLiquidacao":false,"ncm":"34021110","cfop":"5102","codigoBalanca":"","codigoProduto":"","createdAt":"2026-08-01T03:36:23.000Z","updatedAt":"2026-08-01T03:36:23.000Z","totalQuantity":0,"nearestExpiry":null,"batchSkus":["54","7891150108622","55","7896098909744"]},{"id":7,"name":"Triex","brand":"","category":"Limpeza","flavor":"","unit":"Unidade","weight":"","description":"","imageUrl":null,"minStock":1,"salePrice":550,"emLiquidacao":false,"ncm":"34029000","cfop":"5102","codigoBalanca":"","codigoProduto":"","createdAt":"2026-08-01T02:49:10.000Z","updatedAt":"2026-08-01T17:21:03.000Z","totalQuantity":0,"nearestExpiry":null,"batchSkus":["47","7896527700607","48","7896527700614"]},{"id":3,"name":"Água Sanitária","brand":"","category":"Limpeza","flavor":"","unit":"Unidade","weight":"","description":"","imageUrl":null,"minStock":2,"salePrice":1380,"emLiquidacao":false,"ncm":"28289011","cfop":"5102","codigoBalanca":"","codigoProduto":"","createdAt":"2026-08-01T02:02:04.000Z","updatedAt":"2026-08-01T02:08:12.000Z","totalQuantity":0,"nearestExpiry":null,"batchSkus":["37","7896013105695","38","7896219700038","39","7896524726457","40","7896098904671"]},{"id":9,"name":"Álcool","brand":"","category":"Limpeza","flavor":"","unit":"Unidade","weight":"","description":"","imageUrl":null,"minStock":1,"salePrice":989,"emLiquidacao":false,"ncm":"22072010","cfop":"5102","codigoBalanca":"","codigoProduto":"","createdAt":"2026-08-01T03:32:23.000Z","updatedAt":"2026-08-01T03:32:23.000Z","totalQuantity":0,"nearestExpiry":null,"batchSkus":["53","7898917671153"]}]
[CAIXA] Erro no fechamento automático: DrizzleError: Failed to run the query 'rollback'
    at SQLJsSession.run (C:\Users\Victor\Desktop\IntegrateSystem-main\node_modules\src\sqlite-core\session.ts:148:10)
    at SQLJsSession.transaction (C:\Users\Victor\Desktop\IntegrateSystem-main\node_modules\src\sql-js\session.ts:83:9)
    ... 2 lines matching cause stack trace ...
    at autoCloseExpiredRegisters (C:\Users\Victor\Desktop\IntegrateSystem-main\server\cash-register-control.ts:116:15) {
  cause: Error: cannot rollback - no transaction is active
      at e.handleError (C:\Users\Victor\Desktop\IntegrateSystem-main\node_modules\sql.js\dist\sql-wasm.js:90:226)
      at c.step (C:\Users\Victor\Desktop\IntegrateSystem-main\node_modules\sql.js\dist\sql-wasm.js:80:405)
      at c.run (C:\Users\Victor\Desktop\IntegrateSystem-main\node_modules\sql.js\dist\sql-wasm.js:83:87)
      at c.statement.run (C:\Users\Victor\Desktop\IntegrateSystem-main\server\local-sqlite-realtime-persistence.ts:52:24)
      at PreparedQuery.run (C:\Users\Victor\Desktop\IntegrateSystem-main\node_modules\src\sql-js\session.ts:131:28)
      at SQLJsSession.run (C:\Users\Victor\Desktop\IntegrateSystem-main\node_modules\src\sqlite-core\session.ts:146:74)
      at SQLJsSession.transaction (C:\Users\Victor\Desktop\IntegrateSystem-main\node_modules\src\sql-js\session.ts:83:9)
      at BaseSQLiteDatabase.transaction (C:\Users\Victor\Desktop\IntegrateSystem-main\node_modules\src\sqlite-core\db.ts:589:23)
      at closeAutomaticallyForDatabase (C:\Users\Victor\Desktop\IntegrateSystem-main\server\cash-register-control.ts:83:18)
      at autoCloseExpiredRegisters (C:\Users\Victor\Desktop\IntegrateSystem-main\server\cash-register-control.ts:116:15)
}
[CAIXA] Erro no fechamento automático: DrizzleError: Failed to run the query 'rollback'
    at SQLJsSession.run (C:\Users\Victor\Desktop\IntegrateSystem-main\node_modules\src\sqlite-core\session.ts:148:10)
    at SQLJsSession.transaction (C:\Users\Victor\Desktop\IntegrateSystem-main\node_modules\src\sql-js\session.ts:83:9)
    ... 2 lines matching cause stack trace ...
    at autoCloseExpiredRegisters (C:\Users\Victor\Desktop\IntegrateSystem-main\server\cash-register-control.ts:116:15) {
  cause: Error: cannot rollback - no transaction is active
      at e.handleError (C:\Users\Victor\Desktop\IntegrateSystem-main\node_modules\sql.js\dist\sql-wasm.js:90:226)
      at c.step (C:\Users\Victor\Desktop\IntegrateSystem-main\node_modules\sql.js\dist\sql-wasm.js:80:405)
      at c.run (C:\Users\Victor\Desktop\IntegrateSystem-main\node_modules\sql.js\dist\sql-wasm.js:83:87)
      at c.statement.run (C:\Users\Victor\Desktop\IntegrateSystem-main\server\local-sqlite-realtime-persistence.ts:52:24)
      at PreparedQuery.run (C:\Users\Victor\Desktop\IntegrateSystem-main\node_modules\src\sql-js\session.ts:131:28)
      at SQLJsSession.run (C:\Users\Victor\Desktop\IntegrateSystem-main\node_modules\src\sqlite-core\session.ts:146:74)
      at SQLJsSession.transaction (C:\Users\Victor\Desktop\IntegrateSystem-main\node_modules\src\sql-js\session.ts:83:9)
      at BaseSQLiteDatabase.transaction (C:\Users\Victor\Desktop\IntegrateSystem-main\node_modules\src\sqlite-core\db.ts:589:23)
      at closeAutomaticallyForDatabase (C:\Users\Victor\Desktop\IntegrateSystem-main\server\cash-register-control.ts:83:18)
      at autoCloseExpiredRegisters (C:\Users\Victor\Desktop\IntegrateSystem-main\server\cash-register-control.ts:116:15)
}
[CAIXA] Erro no fechamento automático: DrizzleError: Failed to run the query 'rollback'
    at SQLJsSession.run (C:\Users\Victor\Desktop\IntegrateSystem-main\node_modules\src\sqlite-core\session.ts:148:10)
    at SQLJsSession.transaction (C:\Users\Victor\Desktop\IntegrateSystem-main\node_modules\src\sql-js\session.ts:83:9)
    ... 2 lines matching cause stack trace ...
    at autoCloseExpiredRegisters (C:\Users\Victor\Desktop\IntegrateSystem-main\server\cash-register-control.ts:116:15) {
  cause: Error: cannot rollback - no transaction is active
      at e.handleError (C:\Users\Victor\Desktop\IntegrateSystem-main\node_modules\sql.js\dist\sql-wasm.js:90:226)
      at c.step (C:\Users\Victor\Desktop\IntegrateSystem-main\node_modules\sql.js\dist\sql-wasm.js:80:405)
      at c.run (C:\Users\Victor\Desktop\IntegrateSystem-main\node_modules\sql.js\dist\sql-wasm.js:83:87)
      at c.statement.run (C:\Users\Victor\Desktop\IntegrateSystem-main\server\local-sqlite-realtime-persistence.ts:52:24)
      at PreparedQuery.run (C:\Users\Victor\Desktop\IntegrateSystem-main\node_modules\src\sql-js\session.ts:131:28)
      at SQLJsSession.run (C:\Users\Victor\Desktop\IntegrateSystem-main\node_modules\src\sqlite-core\session.ts:146:74)
      at SQLJsSession.transaction (C:\Users\Victor\Desktop\IntegrateSystem-main\node_modules\src\sql-js\session.ts:83:9)
      at BaseSQLiteDatabase.transaction (C:\Users\Victor\Desktop\IntegrateSystem-main\node_modules\src\sqlite-core\db.ts:589:23)
      at closeAutomaticallyForDatabase (C:\Users\Victor\Desktop\IntegrateSystem-main\server\cash-register-control.ts:83:18)
      at autoCloseExpiredRegisters (C:\Users\Victor\Desktop\IntegrateSystem-main\server\cash-register-control.ts:116:15)
}
[CAIXA] Erro no fechamento automático: DrizzleError: Failed to run the query 'rollback'
    at SQLJsSession.run (C:\Users\Victor\Desktop\IntegrateSystem-main\node_modules\src\sqlite-core\session.ts:148:10)
    at SQLJsSession.transaction (C:\Users\Victor\Desktop\IntegrateSystem-main\node_modules\src\sql-js\session.ts:83:9)
    ... 2 lines matching cause stack trace ...
    at autoCloseExpiredRegisters (C:\Users\Victor\Desktop\IntegrateSystem-main\server\cash-register-control.ts:116:15) {
  cause: Error: cannot rollback - no transaction is active
      at e.handleError (C:\Users\Victor\Desktop\IntegrateSystem-main\node_modules\sql.js\dist\sql-wasm.js:90:226)
      at c.step (C:\Users\Victor\Desktop\IntegrateSystem-main\node_modules\sql.js\dist\sql-wasm.js:80:405)
      at c.run (C:\Users\Victor\Desktop\IntegrateSystem-main\node_modules\sql.js\dist\sql-wasm.js:83:87)
      at c.statement.run (C:\Users\Victor\Desktop\IntegrateSystem-main\server\local-sqlite-realtime-persistence.ts:52:24)
      at PreparedQuery.run (C:\Users\Victor\Desktop\IntegrateSystem-main\node_modules\src\sql-js\session.ts:131:28)
      at SQLJsSession.run (C:\Users\Victor\Desktop\IntegrateSystem-main\node_modules\src\sqlite-core\session.ts:146:74)
      at SQLJsSession.transaction (C:\Users\Victor\Desktop\IntegrateSystem-main\node_modules\src\sql-js\session.ts:83:9)
      at BaseSQLiteDatabase.transaction (C:\Users\Victor\Desktop\IntegrateSystem-main\node_modules\src\sqlite-core\db.ts:589:23)
      at closeAutomaticallyForDatabase (C:\Users\Victor\Desktop\IntegrateSystem-main\server\cash-register-control.ts:83:18)
      at autoCloseExpiredRegisters (C:\Users\Victor\Desktop\IntegrateSystem-main\server\cash-register-control.ts:116:15)
}
[CAIXA] Erro no fechamento automático: DrizzleError: Failed to run the query 'rollback'
    at SQLJsSession.run (C:\Users\Victor\Desktop\IntegrateSystem-main\node_modules\src\sqlite-core\session.ts:148:10)
    at SQLJsSession.transaction (C:\Users\Victor\Desktop\IntegrateSystem-main\node_modules\src\sql-js\session.ts:83:9)
    ... 2 lines matching cause stack trace ...
    at autoCloseExpiredRegisters (C:\Users\Victor\Desktop\IntegrateSystem-main\server\cash-register-control.ts:116:15) {
  cause: Error: cannot rollback - no transaction is active
      at e.handleError (C:\Users\Victor\Desktop\IntegrateSystem-main\node_modules\sql.js\dist\sql-wasm.js:90:226)
      at c.step (C:\Users\Victor\Desktop\IntegrateSystem-main\node_modules\sql.js\dist\sql-wasm.js:80:405)
      at c.run (C:\Users\Victor\Desktop\IntegrateSystem-main\node_modules\sql.js\dist\sql-wasm.js:83:87)
      at c.statement.run (C:\Users\Victor\Desktop\IntegrateSystem-main\server\local-sqlite-realtime-persistence.ts:52:24)
      at PreparedQuery.run (C:\Users\Victor\Desktop\IntegrateSystem-main\node_modules\src\sql-js\session.ts:131:28)
      at SQLJsSession.run (C:\Users\Victor\Desktop\IntegrateSystem-main\node_modules\src\sqlite-core\session.ts:146:74)
      at SQLJsSession.transaction (C:\Users\Victor\Desktop\IntegrateSystem-main\node_modules\src\sql-js\session.ts:83:9)
      at BaseSQLiteDatabase.transaction (C:\Users\Victor\Desktop\IntegrateSystem-main\node_modules\src\sqlite-core\db.ts:589:23)
      at closeAutomaticallyForDatabase (C:\Users\Victor\Desktop\IntegrateSystem-main\server\cash-register-control.ts:83:18)
      at autoCloseExpiredRegisters (C:\Users\Victor\Desktop\IntegrateSystem-main\server\cash-register-control.ts:116:15)
}
[DB ACTION]: Consulta usuário ID:1 em 20:29:50
[DB ACTION]: Consulta produtos em 20:29:50
8:29:50 PM [express] GET /api/products 200 in 14ms :: [{"id":2,"name":"Amaciantes","brand":"","category":"Limpeza","flavor":"","unit":"Unidade","weight":"","description":"","imageUrl":null,"minStock":1,"salePrice":890,"emLiquidacao":false,"ncm":"38099110","cfop":"5102","codigoBalanca":"","codigoProduto":"","createdAt":"2026-08-01T01:52:17.000Z","updatedAt":"2026-08-01T02:22:32.000Z","totalQuantity":0,"nearestExpiry":null,"batchSkus":["35","7896056406551","36","7896527700638","58","7500435251259"]},{"id":5,"name":"Desinfetante","brand":"","category":"Limpeza","flavor":"","unit":"Unidade","weight":"","description":"","imageUrl":null,"minStock":5,"salePrice":850,"emLiquidacao":false,"ncm":"38089419","cfop":"5102","codigoBalanca":"","codigoProduto":"","createdAt":"2026-08-01T02:36:31.000Z","updatedAt":"2026-08-01T02:36:31.000Z","totalQuantity":0,"nearestExpiry":null,"batchSkus":["44","7896527700379","45","7891242457041"]},{"id":4,"name":"Detergente","brand":"","category":"Limpeza","flavor":"","unit":"Unidade","weight":"","description":"","imageUrl":null,"minStock":1,"salePrice":300,"emLiquidacao":false,"ncm":"34022000","cfop":"5102","codigoBalanca":"","codigoProduto":"","createdAt":"2026-08-01T02:27:57.000Z","updatedAt":"2026-08-01T02:27:57.000Z","totalQuantity":0,"nearestExpiry":null,"batchSkus":["41","7896098900222","42","7896105510789","43","7896105510802"]},{"id":6,"name":"Multiuso","brand":"","category":"Limpeza","flavor":"","unit":"Unidade","weight":"","description":"","imageUrl":null,"minStock":1,"salePrice":520,"emLiquidacao":false,"ncm":"34029000","cfop":"5102","codigoBalanca":"","codigoProduto":"","createdAt":"2026-08-01T02:43:50.000Z","updatedAt":"2026-08-01T02:43:50.000Z","totalQuantity":0,"nearestExpiry":null,"batchSkus":["46","7891242451551"]},{"id":8,"name":"Odorizante de Ambiente","brand":"","category":"Limpeza","flavor":"","unit":"Unidade","weight":"","description":"","imageUrl":null,"minStock":1,"salePrice":2900,"emLiquidacao":false,"ncm":"33074100","cfop":"5102","codigoBalanca":"","codigoProduto":"","createdAt":"2026-08-01T03:21:11.000Z","updatedAt":"2026-08-01T03:21:11.000Z","totalQuantity":0,"nearestExpiry":null,"batchSkus":["49","7898662113687","50","7898662113526","51","7898662110167","52","7898662110235"]},{"id":1,"name":"Papel Higiênico","brand":"","category":"Higiene Pessoal","flavor":"","unit":"Unidade","weight":"","description":"","imageUrl":null,"minStock":5,"salePrice":1399,"emLiquidacao":false,"ncm":"48181000","cfop":"5102","codigoBalanca":"","codigoProduto":"","createdAt":"2026-08-01T01:37:17.000Z","updatedAt":"2026-08-01T01:55:57.000Z","totalQuantity":35,"nearestExpiry":null,"batchSkus":["30","7896075301202","31","7899853806647","32","7899853806128","33","7899853806630"]},{"id":15,"name":"Sabão em Pedra","brand":"","category":"Limpeza","flavor":"","unit":"Unidade","weight":"","description":"","imageUrl":null,"minStock":5,"salePrice":null,"emLiquidacao":false,"ncm":"34011190","cfop":"5102","codigoBalanca":"","codigoProduto":"","createdAt":"2026-08-01T03:45:00.000Z","updatedAt":"2026-08-01T03:45:00.000Z","totalQuantity":0,"nearestExpiry":null,"batchSkus":["56","7908324403978","57"]},{"id":11,"name":"Sabão em Pó","brand":"","category":"Limpeza","flavor":"","unit":"Unidade","weight":"","description":"","imageUrl":null,"minStock":1,"salePrice":1550,"emLiquidacao":false,"ncm":"34021110","cfop":"5102","codigoBalanca":"","codigoProduto":"","createdAt":"2026-08-01T03:36:23.000Z","updatedAt":"2026-08-01T03:36:23.000Z","totalQuantity":0,"nearestExpiry":null,"batchSkus":["54","7891150108622","55","7896098909744"]},{"id":7,"name":"Triex","brand":"","category":"Limpeza","flavor":"","unit":"Unidade","weight":"","description":"","imageUrl":null,"minStock":1,"salePrice":550,"emLiquidacao":false,"ncm":"34029000","cfop":"5102","codigoBalanca":"","codigoProduto":"","createdAt":"2026-08-01T02:49:10.000Z","updatedAt":"2026-08-01T17:21:03.000Z","totalQuantity":0,"nearestExpiry":null,"batchSkus":["47","7896527700607","48","7896527700614"]},{"id":3,"name":"Água Sanitária","brand":"","category":"Limpeza","flavor":"","unit":"Unidade","weight":"","description":"","imageUrl":null,"minStock":2,"salePrice":1380,"emLiquidacao":false,"ncm":"28289011","cfop":"5102","codigoBalanca":"","codigoProduto":"","createdAt":"2026-08-01T02:02:04.000Z","updatedAt":"2026-08-01T02:08:12.000Z","totalQuantity":0,"nearestExpiry":null,"batchSkus":["37","7896013105695","38","7896219700038","39","7896524726457","40","7896098904671"]},{"id":9,"name":"Álcool","brand":"","category":"Limpeza","flavor":"","unit":"Unidade","weight":"","description":"","imageUrl":null,"minStock":1,"salePrice":989,"emLiquidacao":false,"ncm":"22072010","cfop":"5102","codigoBalanca":"","codigoProduto":"","createdAt":"2026-08-01T03:32:23.000Z","updatedAt":"2026-08-01T03:32:23.000Z","totalQuantity":0,"nearestExpiry":null,"batchSkus":["53","7898917671153"]}]
[DB ACTION]: Consulta usuário ID:1 em 20:29:50
8:29:50 PM [express] GET /api/db/status 200 in 3ms :: {"status":"online","message":"Conectado ao SQLite Local","latency":15,"lastAction":"Consulta usuário ID:1 em 20:29:50","timestamp":1789514990148}
[CAIXA] Erro no fechamento automático: DrizzleError: Failed to run the query 'rollback'
    at SQLJsSession.run (C:\Users\Victor\Desktop\IntegrateSystem-main\node_modules\src\sqlite-core\session.ts:148:10)
    at SQLJsSession.transaction (C:\Users\Victor\Desktop\IntegrateSystem-main\node_modules\src\sql-js\session.ts:83:9)
    ... 2 lines matching cause stack trace ...
    at autoCloseExpiredRegisters (C:\Users\Victor\Desktop\IntegrateSystem-main\server\cash-register-control.ts:116:15) {
  cause: Error: cannot rollback - no transaction is active
      at e.handleError (C:\Users\Victor\Desktop\IntegrateSystem-main\node_modules\sql.js\dist\sql-wasm.js:90:226)
      at c.step (C:\Users\Victor\Desktop\IntegrateSystem-main\node_modules\sql.js\dist\sql-wasm.js:80:405)
      at c.run (C:\Users\Victor\Desktop\IntegrateSystem-main\node_modules\sql.js\dist\sql-wasm.js:83:87)
      at c.statement.run (C:\Users\Victor\Desktop\IntegrateSystem-main\server\local-sqlite-realtime-persistence.ts:52:24)
      at PreparedQuery.run (C:\Users\Victor\Desktop\IntegrateSystem-main\node_modules\src\sql-js\session.ts:131:28)
      at SQLJsSession.run (C:\Users\Victor\Desktop\IntegrateSystem-main\node_modules\src\sqlite-core\session.ts:146:74)
      at SQLJsSession.transaction (C:\Users\Victor\Desktop\IntegrateSystem-main\node_modules\src\sql-js\session.ts:83:9)
      at BaseSQLiteDatabase.transaction (C:\Users\Victor\Desktop\IntegrateSystem-main\node_modules\src\sqlite-core\db.ts:589:23)
      at closeAutomaticallyForDatabase (C:\Users\Victor\Desktop\IntegrateSystem-main\server\cash-register-control.ts:83:18)
      at autoCloseExpiredRegisters (C:\Users\Victor\Desktop\IntegrateSystem-main\server\cash-register-control.ts:116:15)
}
[CAIXA] Erro no fechamento automático: DrizzleError: Failed to run the query 'rollback'
    at SQLJsSession.run (C:\Users\Victor\Desktop\IntegrateSystem-main\node_modules\src\sqlite-core\session.ts:148:10)
    at SQLJsSession.transaction (C:\Users\Victor\Desktop\IntegrateSystem-main\node_modules\src\sql-js\session.ts:83:9)
    ... 2 lines matching cause stack trace ...
    at autoCloseExpiredRegisters (C:\Users\Victor\Desktop\IntegrateSystem-main\server\cash-register-control.ts:116:15) {
  cause: Error: cannot rollback - no transaction is active
      at e.handleError (C:\Users\Victor\Desktop\IntegrateSystem-main\node_modules\sql.js\dist\sql-wasm.js:90:226)
      at c.step (C:\Users\Victor\Desktop\IntegrateSystem-main\node_modules\sql.js\dist\sql-wasm.js:80:405)
      at c.run (C:\Users\Victor\Desktop\IntegrateSystem-main\node_modules\sql.js\dist\sql-wasm.js:83:87)
      at c.statement.run (C:\Users\Victor\Desktop\IntegrateSystem-main\server\local-sqlite-realtime-persistence.ts:52:24)
      at PreparedQuery.run (C:\Users\Victor\Desktop\IntegrateSystem-main\node_modules\src\sql-js\session.ts:131:28)
      at SQLJsSession.run (C:\Users\Victor\Desktop\IntegrateSystem-main\node_modules\src\sqlite-core\session.ts:146:74)
      at SQLJsSession.transaction (C:\Users\Victor\Desktop\IntegrateSystem-main\node_modules\src\sql-js\session.ts:83:9)
      at BaseSQLiteDatabase.transaction (C:\Users\Victor\Desktop\IntegrateSystem-main\node_modules\src\sqlite-core\db.ts:589:23)
      at closeAutomaticallyForDatabase (C:\Users\Victor\Desktop\IntegrateSystem-main\server\cash-register-control.ts:83:18)
      at autoCloseExpiredRegisters (C:\Users\Victor\Desktop\IntegrateSystem-main\server\cash-register-control.ts:116:15)
}
[CAIXA] Erro no fechamento automático: DrizzleError: Failed to run the query 'rollback'
    at SQLJsSession.run (C:\Users\Victor\Desktop\IntegrateSystem-main\node_modules\src\sqlite-core\session.ts:148:10)
    at SQLJsSession.transaction (C:\Users\Victor\Desktop\IntegrateSystem-main\node_modules\src\sql-js\session.ts:83:9)
    ... 2 lines matching cause stack trace ...
    at autoCloseExpiredRegisters (C:\Users\Victor\Desktop\IntegrateSystem-main\server\cash-register-control.ts:116:15) {
  cause: Error: cannot rollback - no transaction is active
      at e.handleError (C:\Users\Victor\Desktop\IntegrateSystem-main\node_modules\sql.js\dist\sql-wasm.js:90:226)
      at c.step (C:\Users\Victor\Desktop\IntegrateSystem-main\node_modules\sql.js\dist\sql-wasm.js:80:405)
      at c.run (C:\Users\Victor\Desktop\IntegrateSystem-main\node_modules\sql.js\dist\sql-wasm.js:83:87)
      at c.statement.run (C:\Users\Victor\Desktop\IntegrateSystem-main\server\local-sqlite-realtime-persistence.ts:52:24)
      at PreparedQuery.run (C:\Users\Victor\Desktop\IntegrateSystem-main\node_modules\src\sql-js\session.ts:131:28)
      at SQLJsSession.run (C:\Users\Victor\Desktop\IntegrateSystem-main\node_modules\src\sqlite-core\session.ts:146:74)
      at SQLJsSession.transaction (C:\Users\Victor\Desktop\IntegrateSystem-main\node_modules\src\sql-js\session.ts:83:9)
      at BaseSQLiteDatabase.transaction (C:\Users\Victor\Desktop\IntegrateSystem-main\node_modules\src\sqlite-core\db.ts:589:23)
      at closeAutomaticallyForDatabase (C:\Users\Victor\Desktop\IntegrateSystem-main\server\cash-register-control.ts:83:18)
      at autoCloseExpiredRegisters (C:\Users\Victor\Desktop\IntegrateSystem-main\server\cash-register-control.ts:116:15)
}
[CAIXA] Erro no fechamento automático: DrizzleError: Failed to run the query 'rollback'
    at SQLJsSession.run (C:\Users\Victor\Desktop\IntegrateSystem-main\node_modules\src\sqlite-core\session.ts:148:10)
    at SQLJsSession.transaction (C:\Users\Victor\Desktop\IntegrateSystem-main\node_modules\src\sql-js\session.ts:83:9)
    ... 2 lines matching cause stack trace ...
    at autoCloseExpiredRegisters (C:\Users\Victor\Desktop\IntegrateSystem-main\server\cash-register-control.ts:116:15) {
  cause: Error: cannot rollback - no transaction is active
      at e.handleError (C:\Users\Victor\Desktop\IntegrateSystem-main\node_modules\sql.js\dist\sql-wasm.js:90:226)
      at c.step (C:\Users\Victor\Desktop\IntegrateSystem-main\node_modules\sql.js\dist\sql-wasm.js:80:405)
      at c.run (C:\Users\Victor\Desktop\IntegrateSystem-main\node_modules\sql.js\dist\sql-wasm.js:83:87)
      at c.statement.run (C:\Users\Victor\Desktop\IntegrateSystem-main\server\local-sqlite-realtime-persistence.ts:52:24)
      at PreparedQuery.run (C:\Users\Victor\Desktop\IntegrateSystem-main\node_modules\src\sql-js\session.ts:131:28)
      at SQLJsSession.run (C:\Users\Victor\Desktop\IntegrateSystem-main\node_modules\src\sqlite-core\session.ts:146:74)
      at SQLJsSession.transaction (C:\Users\Victor\Desktop\IntegrateSystem-main\node_modules\src\sql-js\session.ts:83:9)
      at BaseSQLiteDatabase.transaction (C:\Users\Victor\Desktop\IntegrateSystem-main\node_modules\src\sqlite-core\db.ts:589:23)
      at closeAutomaticallyForDatabase (C:\Users\Victor\Desktop\IntegrateSystem-main\server\cash-register-control.ts:83:18)
      at autoCloseExpiredRegisters (C:\Users\Victor\Desktop\IntegrateSystem-main\server\cash-register-control.ts:116:15)
}
[CAIXA] Erro no fechamento automático: DrizzleError: Failed to run the query 'rollback'
    at SQLJsSession.run (C:\Users\Victor\Desktop\IntegrateSystem-main\node_modules\src\sqlite-core\session.ts:148:10)
    at SQLJsSession.transaction (C:\Users\Victor\Desktop\IntegrateSystem-main\node_modules\src\sql-js\session.ts:83:9)
    ... 2 lines matching cause stack trace ...
    at autoCloseExpiredRegisters (C:\Users\Victor\Desktop\IntegrateSystem-main\server\cash-register-control.ts:116:15) {
  cause: Error: cannot rollback - no transaction is active
      at e.handleError (C:\Users\Victor\Desktop\IntegrateSystem-main\node_modules\sql.js\dist\sql-wasm.js:90:226)
      at c.step (C:\Users\Victor\Desktop\IntegrateSystem-main\node_modules\sql.js\dist\sql-wasm.js:80:405)
      at c.run (C:\Users\Victor\Desktop\IntegrateSystem-main\node_modules\sql.js\dist\sql-wasm.js:83:87)
      at c.statement.run (C:\Users\Victor\Desktop\IntegrateSystem-main\server\local-sqlite-realtime-persistence.ts:52:24)
      at PreparedQuery.run (C:\Users\Victor\Desktop\IntegrateSystem-main\node_modules\src\sql-js\session.ts:131:28)
      at SQLJsSession.run (C:\Users\Victor\Desktop\IntegrateSystem-main\node_modules\src\sqlite-core\session.ts:146:74)
      at SQLJsSession.transaction (C:\Users\Victor\Desktop\IntegrateSystem-main\node_modules\src\sql-js\session.ts:83:9)
      at BaseSQLiteDatabase.transaction (C:\Users\Victor\Desktop\IntegrateSystem-main\node_modules\src\sqlite-core\db.ts:589:23)
      at closeAutomaticallyForDatabase (C:\Users\Victor\Desktop\IntegrateSystem-main\server\cash-register-control.ts:83:18)
      at autoCloseExpiredRegisters (C:\Users\Victor\Desktop\IntegrateSystem-main\server\cash-register-control.ts:116:15)
}
[CAIXA] Erro no fechamento automático: DrizzleError: Failed to run the query 'rollback'
    at SQLJsSession.run (C:\Users\Victor\Desktop\IntegrateSystem-main\node_modules\src\sqlite-core\session.ts:148:10)
    at SQLJsSession.transaction (C:\Users\Victor\Desktop\IntegrateSystem-main\node_modules\src\sql-js\session.ts:83:9)
    ... 2 lines matching cause stack trace ...
    at autoCloseExpiredRegisters (C:\Users\Victor\Desktop\IntegrateSystem-main\server\cash-register-control.ts:116:15) {
  cause: Error: cannot rollback - no transaction is active
      at e.handleError (C:\Users\Victor\Desktop\IntegrateSystem-main\node_modules\sql.js\dist\sql-wasm.js:90:226)
      at c.step (C:\Users\Victor\Desktop\IntegrateSystem-main\node_modules\sql.js\dist\sql-wasm.js:80:405)
      at c.run (C:\Users\Victor\Desktop\IntegrateSystem-main\node_modules\sql.js\dist\sql-wasm.js:83:87)
      at c.statement.run (C:\Users\Victor\Desktop\IntegrateSystem-main\server\local-sqlite-realtime-persistence.ts:52:24)
      at PreparedQuery.run (C:\Users\Victor\Desktop\IntegrateSystem-main\node_modules\src\sql-js\session.ts:131:28)
      at SQLJsSession.run (C:\Users\Victor\Desktop\IntegrateSystem-main\node_modules\src\sqlite-core\session.ts:146:74)
      at SQLJsSession.transaction (C:\Users\Victor\Desktop\IntegrateSystem-main\node_modules\src\sql-js\session.ts:83:9)
      at BaseSQLiteDatabase.transaction (C:\Users\Victor\Desktop\IntegrateSystem-main\node_modules\src\sqlite-core\db.ts:589:23)
      at closeAutomaticallyForDatabase (C:\Users\Victor\Desktop\IntegrateSystem-main\server\cash-register-control.ts:83:18)
      at autoCloseExpiredRegisters (C:\Users\Victor\Desktop\IntegrateSystem-main\server\cash-register-control.ts:116:15)
}
[CAIXA] Erro no fechamento automático: DrizzleError: Failed to run the query 'rollback'
    at SQLJsSession.run (C:\Users\Victor\Desktop\IntegrateSystem-main\node_modules\src\sqlite-core\session.ts:148:10)
    at SQLJsSession.transaction (C:\Users\Victor\Desktop\IntegrateSystem-main\node_modules\src\sql-js\session.ts:83:9)
    ... 2 lines matching cause stack trace ...
    at autoCloseExpiredRegisters (C:\Users\Victor\Desktop\IntegrateSystem-main\server\cash-register-control.ts:116:15) {
  cause: Error: cannot rollback - no transaction is active
      at e.handleError (C:\Users\Victor\Desktop\IntegrateSystem-main\node_modules\sql.js\dist\sql-wasm.js:90:226)
      at c.step (C:\Users\Victor\Desktop\IntegrateSystem-main\node_modules\sql.js\dist\sql-wasm.js:80:405)
      at c.run (C:\Users\Victor\Desktop\IntegrateSystem-main\node_modules\sql.js\dist\sql-wasm.js:83:87)
      at c.statement.run (C:\Users\Victor\Desktop\IntegrateSystem-main\server\local-sqlite-realtime-persistence.ts:52:24)
      at PreparedQuery.run (C:\Users\Victor\Desktop\IntegrateSystem-main\node_modules\src\sql-js\session.ts:131:28)
      at SQLJsSession.run (C:\Users\Victor\Desktop\IntegrateSystem-main\node_modules\src\sqlite-core\session.ts:146:74)
      at SQLJsSession.transaction (C:\Users\Victor\Desktop\IntegrateSystem-main\node_modules\src\sql-js\session.ts:83:9)
      at BaseSQLiteDatabase.transaction (C:\Users\Victor\Desktop\IntegrateSystem-main\node_modules\src\sqlite-core\db.ts:589:23)
      at closeAutomaticallyForDatabase (C:\Users\Victor\Desktop\IntegrateSystem-main\server\cash-register-control.ts:83:18)
      at autoCloseExpiredRegisters (C:\Users\Victor\Desktop\IntegrateSystem-main\server\cash-register-control.ts:116:15)
}
[CAIXA] Erro no fechamento automático: DrizzleError: Failed to run the query 'rollback'
    at SQLJsSession.run (C:\Users\Victor\Desktop\IntegrateSystem-main\node_modules\src\sqlite-core\session.ts:148:10)
    at SQLJsSession.transaction (C:\Users\Victor\Desktop\IntegrateSystem-main\node_modules\src\sql-js\session.ts:83:9)
    ... 2 lines matching cause stack trace ...
    at autoCloseExpiredRegisters (C:\Users\Victor\Desktop\IntegrateSystem-main\server\cash-register-control.ts:116:15) {
  cause: Error: cannot rollback - no transaction is active
      at e.handleError (C:\Users\Victor\Desktop\IntegrateSystem-main\node_modules\sql.js\dist\sql-wasm.js:90:226)
      at c.step (C:\Users\Victor\Desktop\IntegrateSystem-main\node_modules\sql.js\dist\sql-wasm.js:80:405)
      at c.run (C:\Users\Victor\Desktop\IntegrateSystem-main\node_modules\sql.js\dist\sql-wasm.js:83:87)
      at c.statement.run (C:\Users\Victor\Desktop\IntegrateSystem-main\server\local-sqlite-realtime-persistence.ts:52:24)
      at PreparedQuery.run (C:\Users\Victor\Desktop\IntegrateSystem-main\node_modules\src\sql-js\session.ts:131:28)
      at SQLJsSession.run (C:\Users\Victor\Desktop\IntegrateSystem-main\node_modules\src\sqlite-core\session.ts:146:74)
      at SQLJsSession.transaction (C:\Users\Victor\Desktop\IntegrateSystem-main\node_modules\src\sql-js\session.ts:83:9)
      at BaseSQLiteDatabase.transaction (C:\Users\Victor\Desktop\IntegrateSystem-main\node_modules\src\sqlite-core\db.ts:589:23)
      at closeAutomaticallyForDatabase (C:\Users\Victor\Desktop\IntegrateSystem-main\server\cash-register-control.ts:83:18)
      at autoCloseExpiredRegisters (C:\Users\Victor\Desktop\IntegrateSystem-main\server\cash-register-control.ts:116:15)
}
[CAIXA] Erro no fechamento automático: DrizzleError: Failed to run the query 'rollback'
    at SQLJsSession.run (C:\Users\Victor\Desktop\IntegrateSystem-main\node_modules\src\sqlite-core\session.ts:148:10)
    at SQLJsSession.transaction (C:\Users\Victor\Desktop\IntegrateSystem-main\node_modules\src\sql-js\session.ts:83:9)
    ... 2 lines matching cause stack trace ...
    at autoCloseExpiredRegisters (C:\Users\Victor\Desktop\IntegrateSystem-main\server\cash-register-control.ts:116:15) {
  cause: Error: cannot rollback - no transaction is active
      at e.handleError (C:\Users\Victor\Desktop\IntegrateSystem-main\node_modules\sql.js\dist\sql-wasm.js:90:226)
      at c.step (C:\Users\Victor\Desktop\IntegrateSystem-main\node_modules\sql.js\dist\sql-wasm.js:80:405)
      at c.run (C:\Users\Victor\Desktop\IntegrateSystem-main\node_modules\sql.js\dist\sql-wasm.js:83:87)
      at c.statement.run (C:\Users\Victor\Desktop\IntegrateSystem-main\server\local-sqlite-realtime-persistence.ts:52:24)
      at PreparedQuery.run (C:\Users\Victor\Desktop\IntegrateSystem-main\node_modules\src\sql-js\session.ts:131:28)
      at SQLJsSession.run (C:\Users\Victor\Desktop\IntegrateSystem-main\node_modules\src\sqlite-core\session.ts:146:74)
      at SQLJsSession.transaction (C:\Users\Victor\Desktop\IntegrateSystem-main\node_modules\src\sql-js\session.ts:83:9)
      at BaseSQLiteDatabase.transaction (C:\Users\Victor\Desktop\IntegrateSystem-main\node_modules\src\sqlite-core\db.ts:589:23)
      at closeAutomaticallyForDatabase (C:\Users\Victor\Desktop\IntegrateSystem-main\server\cash-register-control.ts:83:18)
      at autoCloseExpiredRegisters (C:\Users\Victor\Desktop\IntegrateSystem-main\server\cash-register-control.ts:116:15)
}
[CAIXA] Erro no fechamento automático: DrizzleError: Failed to run the query 'rollback'
    at SQLJsSession.run (C:\Users\Victor\Desktop\IntegrateSystem-main\node_modules\src\sqlite-core\session.ts:148:10)
    at SQLJsSession.transaction (C:\Users\Victor\Desktop\IntegrateSystem-main\node_modules\src\sql-js\session.ts:83:9)
    ... 2 lines matching cause stack trace ...
    at autoCloseExpiredRegisters (C:\Users\Victor\Desktop\IntegrateSystem-main\server\cash-register-control.ts:116:15) {
  cause: Error: cannot rollback - no transaction is active
      at e.handleError (C:\Users\Victor\Desktop\IntegrateSystem-main\node_modules\sql.js\dist\sql-wasm.js:90:226)
      at c.step (C:\Users\Victor\Desktop\IntegrateSystem-main\node_modules\sql.js\dist\sql-wasm.js:80:405)
      at c.run (C:\Users\Victor\Desktop\IntegrateSystem-main\node_modules\sql.js\dist\sql-wasm.js:83:87)
      at c.statement.run (C:\Users\Victor\Desktop\IntegrateSystem-main\server\local-sqlite-realtime-persistence.ts:52:24)
      at PreparedQuery.run (C:\Users\Victor\Desktop\IntegrateSystem-main\node_modules\src\sql-js\session.ts:131:28)
      at SQLJsSession.run (C:\Users\Victor\Desktop\IntegrateSystem-main\node_modules\src\sqlite-core\session.ts:146:74)
      at SQLJsSession.transaction (C:\Users\Victor\Desktop\IntegrateSystem-main\node_modules\src\sql-js\session.ts:83:9)
      at BaseSQLiteDatabase.transaction (C:\Users\Victor\Desktop\IntegrateSystem-main\node_modules\src\sqlite-core\db.ts:589:23)
      at closeAutomaticallyForDatabase (C:\Users\Victor\Desktop\IntegrateSystem-main\server\cash-register-control.ts:83:18)
      at autoCloseExpiredRegisters (C:\Users\Victor\Desktop\IntegrateSystem-main\server\cash-register-control.ts:116:15)
}
[CAIXA] Erro no fechamento automático: DrizzleError: Failed to run the query 'rollback'
    at SQLJsSession.run (C:\Users\Victor\Desktop\IntegrateSystem-main\node_modules\src\sqlite-core\session.ts:148:10)
    at SQLJsSession.transaction (C:\Users\Victor\Desktop\IntegrateSystem-main\node_modules\src\sql-js\session.ts:83:9)
    ... 2 lines matching cause stack trace ...
    at autoCloseExpiredRegisters (C:\Users\Victor\Desktop\IntegrateSystem-main\server\cash-register-control.ts:116:15) {
  cause: Error: cannot rollback - no transaction is active
      at e.handleError (C:\Users\Victor\Desktop\IntegrateSystem-main\node_modules\sql.js\dist\sql-wasm.js:90:226)
      at c.step (C:\Users\Victor\Desktop\IntegrateSystem-main\node_modules\sql.js\dist\sql-wasm.js:80:405)
      at c.run (C:\Users\Victor\Desktop\IntegrateSystem-main\node_modules\sql.js\dist\sql-wasm.js:83:87)
      at c.statement.run (C:\Users\Victor\Desktop\IntegrateSystem-main\server\local-sqlite-realtime-persistence.ts:52:24)
      at PreparedQuery.run (C:\Users\Victor\Desktop\IntegrateSystem-main\node_modules\src\sql-js\session.ts:131:28)
      at SQLJsSession.run (C:\Users\Victor\Desktop\IntegrateSystem-main\node_modules\src\sqlite-core\session.ts:146:74)
      at SQLJsSession.transaction (C:\Users\Victor\Desktop\IntegrateSystem-main\node_modules\src\sql-js\session.ts:83:9)
      at BaseSQLiteDatabase.transaction (C:\Users\Victor\Desktop\IntegrateSystem-main\node_modules\src\sqlite-core\db.ts:589:23)
      at closeAutomaticallyForDatabase (C:\Users\Victor\Desktop\IntegrateSystem-main\server\cash-register-control.ts:83:18)
      at autoCloseExpiredRegisters (C:\Users\Victor\Desktop\IntegrateSystem-main\server\cash-register-control.ts:116:15)
}
[CAIXA] Erro no fechamento automático: DrizzleError: Failed to run the query 'rollback'
    at SQLJsSession.run (C:\Users\Victor\Desktop\IntegrateSystem-main\node_modules\src\sqlite-core\session.ts:148:10)
    at SQLJsSession.transaction (C:\Users\Victor\Desktop\IntegrateSystem-main\node_modules\src\sql-js\session.ts:83:9)
    ... 2 lines matching cause stack trace ...
    at autoCloseExpiredRegisters (C:\Users\Victor\Desktop\IntegrateSystem-main\server\cash-register-control.ts:116:15) {
  cause: Error: cannot rollback - no transaction is active
      at e.handleError (C:\Users\Victor\Desktop\IntegrateSystem-main\node_modules\sql.js\dist\sql-wasm.js:90:226)
      at c.step (C:\Users\Victor\Desktop\IntegrateSystem-main\node_modules\sql.js\dist\sql-wasm.js:80:405)
      at c.run (C:\Users\Victor\Desktop\IntegrateSystem-main\node_modules\sql.js\dist\sql-wasm.js:83:87)
      at c.statement.run (C:\Users\Victor\Desktop\IntegrateSystem-main\server\local-sqlite-realtime-persistence.ts:52:24)
      at PreparedQuery.run (C:\Users\Victor\Desktop\IntegrateSystem-main\node_modules\src\sql-js\session.ts:131:28)
      at SQLJsSession.run (C:\Users\Victor\Desktop\IntegrateSystem-main\node_modules\src\sqlite-core\session.ts:146:74)
      at SQLJsSession.transaction (C:\Users\Victor\Desktop\IntegrateSystem-main\node_modules\src\sql-js\session.ts:83:9)
      at BaseSQLiteDatabase.transaction (C:\Users\Victor\Desktop\IntegrateSystem-main\node_modules\src\sqlite-core\db.ts:589:23)
      at closeAutomaticallyForDatabase (C:\Users\Victor\Desktop\IntegrateSystem-main\server\cash-register-control.ts:83:18)
      at autoCloseExpiredRegisters (C:\Users\Victor\Desktop\IntegrateSystem-main\server\cash-register-control.ts:116:15)
}
[CAIXA] Erro no fechamento automático: DrizzleError: Failed to run the query 'rollback'
    at SQLJsSession.run (C:\Users\Victor\Desktop\IntegrateSystem-main\node_modules\src\sqlite-core\session.ts:148:10)
    at SQLJsSession.transaction (C:\Users\Victor\Desktop\IntegrateSystem-main\node_modules\src\sql-js\session.ts:83:9)
    ... 2 lines matching cause stack trace ...
    at autoCloseExpiredRegisters (C:\Users\Victor\Desktop\IntegrateSystem-main\server\cash-register-control.ts:116:15) {
  cause: Error: cannot rollback - no transaction is active
      at e.handleError (C:\Users\Victor\Desktop\IntegrateSystem-main\node_modules\sql.js\dist\sql-wasm.js:90:226)
      at c.step (C:\Users\Victor\Desktop\IntegrateSystem-main\node_modules\sql.js\dist\sql-wasm.js:80:405)
      at c.run (C:\Users\Victor\Desktop\IntegrateSystem-main\node_modules\sql.js\dist\sql-wasm.js:83:87)
      at c.statement.run (C:\Users\Victor\Desktop\IntegrateSystem-main\server\local-sqlite-realtime-persistence.ts:52:24)
      at PreparedQuery.run (C:\Users\Victor\Desktop\IntegrateSystem-main\node_modules\src\sql-js\session.ts:131:28)
      at SQLJsSession.run (C:\Users\Victor\Desktop\IntegrateSystem-main\node_modules\src\sqlite-core\session.ts:146:74)
      at SQLJsSession.transaction (C:\Users\Victor\Desktop\IntegrateSystem-main\node_modules\src\sql-js\session.ts:83:9)
      at BaseSQLiteDatabase.transaction (C:\Users\Victor\Desktop\IntegrateSystem-main\node_modules\src\sqlite-core\db.ts:589:23)
      at closeAutomaticallyForDatabase (C:\Users\Victor\Desktop\IntegrateSystem-main\server\cash-register-control.ts:83:18)
      at autoCloseExpiredRegisters (C:\Users\Victor\Desktop\IntegrateSystem-main\server\cash-register-control.ts:116:15)
}
[CAIXA] Erro no fechamento automático: DrizzleError: Failed to run the query 'rollback'
    at SQLJsSession.run (C:\Users\Victor\Desktop\IntegrateSystem-main\node_modules\src\sqlite-core\session.ts:148:10)
    at SQLJsSession.transaction (C:\Users\Victor\Desktop\IntegrateSystem-main\node_modules\src\sql-js\session.ts:83:9)
    ... 2 lines matching cause stack trace ...
    at autoCloseExpiredRegisters (C:\Users\Victor\Desktop\IntegrateSystem-main\server\cash-register-control.ts:116:15) {
  cause: Error: cannot rollback - no transaction is active
      at e.handleError (C:\Users\Victor\Desktop\IntegrateSystem-main\node_modules\sql.js\dist\sql-wasm.js:90:226)
      at c.step (C:\Users\Victor\Desktop\IntegrateSystem-main\node_modules\sql.js\dist\sql-wasm.js:80:405)
      at c.run (C:\Users\Victor\Desktop\IntegrateSystem-main\node_modules\sql.js\dist\sql-wasm.js:83:87)
      at c.statement.run (C:\Users\Victor\Desktop\IntegrateSystem-main\server\local-sqlite-realtime-persistence.ts:52:24)
      at PreparedQuery.run (C:\Users\Victor\Desktop\IntegrateSystem-main\node_modules\src\sql-js\session.ts:131:28)
      at SQLJsSession.run (C:\Users\Victor\Desktop\IntegrateSystem-main\node_modules\src\sqlite-core\session.ts:146:74)
      at SQLJsSession.transaction (C:\Users\Victor\Desktop\IntegrateSystem-main\node_modules\src\sql-js\session.ts:83:9)
      at BaseSQLiteDatabase.transaction (C:\Users\Victor\Desktop\IntegrateSystem-main\node_modules\src\sqlite-core\db.ts:589:23)
      at closeAutomaticallyForDatabase (C:\Users\Victor\Desktop\IntegrateSystem-main\server\cash-register-control.ts:83:18)
      at autoCloseExpiredRegisters (C:\Users\Victor\Desktop\IntegrateSystem-main\server\cash-register-control.ts:116:15)
}
[DB ACTION]: Consulta usuário ID:1 em 20:37:18
[DB ACTION]: Consulta produtos em 20:37:18
8:37:18 PM [express] GET /api/products 200 in 10ms :: [{"id":2,"name":"Amaciantes","brand":"","category":"Limpeza","flavor":"","unit":"Unidade","weight":"","description":"","imageUrl":null,"minStock":1,"salePrice":890,"emLiquidacao":false,"ncm":"38099110","cfop":"5102","codigoBalanca":"","codigoProduto":"","createdAt":"2026-08-01T01:52:17.000Z","updatedAt":"2026-08-01T02:22:32.000Z","totalQuantity":0,"nearestExpiry":null,"batchSkus":["35","7896056406551","36","7896527700638","58","7500435251259"]},{"id":5,"name":"Desinfetante","brand":"","category":"Limpeza","flavor":"","unit":"Unidade","weight":"","description":"","imageUrl":null,"minStock":5,"salePrice":850,"emLiquidacao":false,"ncm":"38089419","cfop":"5102","codigoBalanca":"","codigoProduto":"","createdAt":"2026-08-01T02:36:31.000Z","updatedAt":"2026-08-01T02:36:31.000Z","totalQuantity":0,"nearestExpiry":null,"batchSkus":["44","7896527700379","45","7891242457041"]},{"id":4,"name":"Detergente","brand":"","category":"Limpeza","flavor":"","unit":"Unidade","weight":"","description":"","imageUrl":null,"minStock":1,"salePrice":300,"emLiquidacao":false,"ncm":"34022000","cfop":"5102","codigoBalanca":"","codigoProduto":"","createdAt":"2026-08-01T02:27:57.000Z","updatedAt":"2026-08-01T02:27:57.000Z","totalQuantity":0,"nearestExpiry":null,"batchSkus":["41","7896098900222","42","7896105510789","43","7896105510802"]},{"id":6,"name":"Multiuso","brand":"","category":"Limpeza","flavor":"","unit":"Unidade","weight":"","description":"","imageUrl":null,"minStock":1,"salePrice":520,"emLiquidacao":false,"ncm":"34029000","cfop":"5102","codigoBalanca":"","codigoProduto":"","createdAt":"2026-08-01T02:43:50.000Z","updatedAt":"2026-08-01T02:43:50.000Z","totalQuantity":0,"nearestExpiry":null,"batchSkus":["46","7891242451551"]},{"id":8,"name":"Odorizante de Ambiente","brand":"","category":"Limpeza","flavor":"","unit":"Unidade","weight":"","description":"","imageUrl":null,"minStock":1,"salePrice":2900,"emLiquidacao":false,"ncm":"33074100","cfop":"5102","codigoBalanca":"","codigoProduto":"","createdAt":"2026-08-01T03:21:11.000Z","updatedAt":"2026-08-01T03:21:11.000Z","totalQuantity":0,"nearestExpiry":null,"batchSkus":["49","7898662113687","50","7898662113526","51","7898662110167","52","7898662110235"]},{"id":1,"name":"Papel Higiênico","brand":"","category":"Higiene Pessoal","flavor":"","unit":"Unidade","weight":"","description":"","imageUrl":null,"minStock":5,"salePrice":1399,"emLiquidacao":false,"ncm":"48181000","cfop":"5102","codigoBalanca":"","codigoProduto":"","createdAt":"2026-08-01T01:37:17.000Z","updatedAt":"2026-08-01T01:55:57.000Z","totalQuantity":35,"nearestExpiry":null,"batchSkus":["30","7896075301202","31","7899853806647","32","7899853806128","33","7899853806630"]},{"id":15,"name":"Sabão em Pedra","brand":"","category":"Limpeza","flavor":"","unit":"Unidade","weight":"","description":"","imageUrl":null,"minStock":5,"salePrice":null,"emLiquidacao":false,"ncm":"34011190","cfop":"5102","codigoBalanca":"","codigoProduto":"","createdAt":"2026-08-01T03:45:00.000Z","updatedAt":"2026-08-01T03:45:00.000Z","totalQuantity":0,"nearestExpiry":null,"batchSkus":["56","7908324403978","57"]},{"id":11,"name":"Sabão em Pó","brand":"","category":"Limpeza","flavor":"","unit":"Unidade","weight":"","description":"","imageUrl":null,"minStock":1,"salePrice":1550,"emLiquidacao":false,"ncm":"34021110","cfop":"5102","codigoBalanca":"","codigoProduto":"","createdAt":"2026-08-01T03:36:23.000Z","updatedAt":"2026-08-01T03:36:23.000Z","totalQuantity":0,"nearestExpiry":null,"batchSkus":["54","7891150108622","55","7896098909744"]},{"id":7,"name":"Triex","brand":"","category":"Limpeza","flavor":"","unit":"Unidade","weight":"","description":"","imageUrl":null,"minStock":1,"salePrice":550,"emLiquidacao":false,"ncm":"34029000","cfop":"5102","codigoBalanca":"","codigoProduto":"","createdAt":"2026-08-01T02:49:10.000Z","updatedAt":"2026-08-01T17:21:03.000Z","totalQuantity":0,"nearestExpiry":null,"batchSkus":["47","7896527700607","48","7896527700614"]},{"id":3,"name":"Água Sanitária","brand":"","category":"Limpeza","flavor":"","unit":"Unidade","weight":"","description":"","imageUrl":null,"minStock":2,"salePrice":1380,"emLiquidacao":false,"ncm":"28289011","cfop":"5102","codigoBalanca":"","codigoProduto":"","createdAt":"2026-08-01T02:02:04.000Z","updatedAt":"2026-08-01T02:08:12.000Z","totalQuantity":0,"nearestExpiry":null,"batchSkus":["37","7896013105695","38","7896219700038","39","7896524726457","40","7896098904671"]},{"id":9,"name":"Álcool","brand":"","category":"Limpeza","flavor":"","unit":"Unidade","weight":"","description":"","imageUrl":null,"minStock":1,"salePrice":989,"emLiquidacao":false,"ncm":"22072010","cfop":"5102","codigoBalanca":"","codigoProduto":"","createdAt":"2026-08-01T03:32:23.000Z","updatedAt":"2026-08-01T03:32:23.000Z","totalQuantity":0,"nearestExpiry":null,"batchSkus":["53","7898917671153"]}]
[DB ACTION]: Consulta usuário ID:1 em 20:37:18
8:37:18 PM [express] GET /api/db/status 200 in 3ms :: {"status":"online","message":"Conectado ao SQLite Local","latency":15,"lastAction":"Consulta usuário ID:1 em 20:37:18","timestamp":1789515438249}
[CAIXA] Erro no fechamento automático: DrizzleError: Failed to run the query 'rollback'
    at SQLJsSession.run (C:\Users\Victor\Desktop\IntegrateSystem-main\node_modules\src\sqlite-core\session.ts:148:10)
    at SQLJsSession.transaction (C:\Users\Victor\Desktop\IntegrateSystem-main\node_modules\src\sql-js\session.ts:83:9)
    ... 2 lines matching cause stack trace ...
    at autoCloseExpiredRegisters (C:\Users\Victor\Desktop\IntegrateSystem-main\server\cash-register-control.ts:116:15) {
  cause: Error: cannot rollback - no transaction is active
      at e.handleError (C:\Users\Victor\Desktop\IntegrateSystem-main\node_modules\sql.js\dist\sql-wasm.js:90:226)
      at c.step (C:\Users\Victor\Desktop\IntegrateSystem-main\node_modules\sql.js\dist\sql-wasm.js:80:405)
      at c.run (C:\Users\Victor\Desktop\IntegrateSystem-main\node_modules\sql.js\dist\sql-wasm.js:83:87)
      at c.statement.run (C:\Users\Victor\Desktop\IntegrateSystem-main\server\local-sqlite-realtime-persistence.ts:52:24)
      at PreparedQuery.run (C:\Users\Victor\Desktop\IntegrateSystem-main\node_modules\src\sql-js\session.ts:131:28)
      at SQLJsSession.run (C:\Users\Victor\Desktop\IntegrateSystem-main\node_modules\src\sqlite-core\session.ts:146:74)
      at SQLJsSession.transaction (C:\Users\Victor\Desktop\IntegrateSystem-main\node_modules\src\sql-js\session.ts:83:9)
      at BaseSQLiteDatabase.transaction (C:\Users\Victor\Desktop\IntegrateSystem-main\node_modules\src\sqlite-core\db.ts:589:23)
      at closeAutomaticallyForDatabase (C:\Users\Victor\Desktop\IntegrateSystem-main\server\cash-register-control.ts:83:18)
      at autoCloseExpiredRegisters (C:\Users\Victor\Desktop\IntegrateSystem-main\server\cash-register-control.ts:116:15)
}
[CAIXA] Erro no fechamento automático: DrizzleError: Failed to run the query 'rollback'
    at SQLJsSession.run (C:\Users\Victor\Desktop\IntegrateSystem-main\node_modules\src\sqlite-core\session.ts:148:10)
    at SQLJsSession.transaction (C:\Users\Victor\Desktop\IntegrateSystem-main\node_modules\src\sql-js\session.ts:83:9)
    ... 2 lines matching cause stack trace ...
    at autoCloseExpiredRegisters (C:\Users\Victor\Desktop\IntegrateSystem-main\server\cash-register-control.ts:116:15) {
  cause: Error: cannot rollback - no transaction is active
      at e.handleError (C:\Users\Victor\Desktop\IntegrateSystem-main\node_modules\sql.js\dist\sql-wasm.js:90:226)
      at c.step (C:\Users\Victor\Desktop\IntegrateSystem-main\node_modules\sql.js\dist\sql-wasm.js:80:405)
      at c.run (C:\Users\Victor\Desktop\IntegrateSystem-main\node_modules\sql.js\dist\sql-wasm.js:83:87)
      at c.statement.run (C:\Users\Victor\Desktop\IntegrateSystem-main\server\local-sqlite-realtime-persistence.ts:52:24)
      at PreparedQuery.run (C:\Users\Victor\Desktop\IntegrateSystem-main\node_modules\src\sql-js\session.ts:131:28)
      at SQLJsSession.run (C:\Users\Victor\Desktop\IntegrateSystem-main\node_modules\src\sqlite-core\session.ts:146:74)
      at SQLJsSession.transaction (C:\Users\Victor\Desktop\IntegrateSystem-main\node_modules\src\sql-js\session.ts:83:9)
      at BaseSQLiteDatabase.transaction (C:\Users\Victor\Desktop\IntegrateSystem-main\node_modules\src\sqlite-core\db.ts:589:23)
      at closeAutomaticallyForDatabase (C:\Users\Victor\Desktop\IntegrateSystem-main\server\cash-register-control.ts:83:18)
      at autoCloseExpiredRegisters (C:\Users\Victor\Desktop\IntegrateSystem-main\server\cash-register-control.ts:116:15)
}
[CAIXA] Erro no fechamento automático: DrizzleError: Failed to run the query 'rollback'
    at SQLJsSession.run (C:\Users\Victor\Desktop\IntegrateSystem-main\node_modules\src\sqlite-core\session.ts:148:10)
    at SQLJsSession.transaction (C:\Users\Victor\Desktop\IntegrateSystem-main\node_modules\src\sql-js\session.ts:83:9)
    ... 2 lines matching cause stack trace ...
    at autoCloseExpiredRegisters (C:\Users\Victor\Desktop\IntegrateSystem-main\server\cash-register-control.ts:116:15) {
  cause: Error: cannot rollback - no transaction is active
      at e.handleError (C:\Users\Victor\Desktop\IntegrateSystem-main\node_modules\sql.js\dist\sql-wasm.js:90:226)
      at c.step (C:\Users\Victor\Desktop\IntegrateSystem-main\node_modules\sql.js\dist\sql-wasm.js:80:405)
      at c.run (C:\Users\Victor\Desktop\IntegrateSystem-main\node_modules\sql.js\dist\sql-wasm.js:83:87)
      at c.statement.run (C:\Users\Victor\Desktop\IntegrateSystem-main\server\local-sqlite-realtime-persistence.ts:52:24)
      at PreparedQuery.run (C:\Users\Victor\Desktop\IntegrateSystem-main\node_modules\src\sql-js\session.ts:131:28)
      at SQLJsSession.run (C:\Users\Victor\Desktop\IntegrateSystem-main\node_modules\src\sqlite-core\session.ts:146:74)
      at SQLJsSession.transaction (C:\Users\Victor\Desktop\IntegrateSystem-main\node_modules\src\sql-js\session.ts:83:9)
      at BaseSQLiteDatabase.transaction (C:\Users\Victor\Desktop\IntegrateSystem-main\node_modules\src\sqlite-core\db.ts:589:23)
      at closeAutomaticallyForDatabase (C:\Users\Victor\Desktop\IntegrateSystem-main\server\cash-register-control.ts:83:18)
      at autoCloseExpiredRegisters (C:\Users\Victor\Desktop\IntegrateSystem-main\server\cash-register-control.ts:116:15)
}
8:38:22 PM [express] GET /api/db/status 200 in 3ms :: {"status":"online","message":"Conectado ao SQLite Local","latency":15,"lastAction":"Consulta usuário ID:1 em 20:37:18","timestamp":1789515502720}
8:38:23 PM [express] GET /api/db/status 200 in 1ms :: {"status":"online","message":"Conectado ao SQLite Local","latency":15,"lastAction":"Consulta usuário ID:1 em 20:37:18","timestamp":1789515503057}
[CAIXA] Erro no fechamento automático: DrizzleError: Failed to run the query 'rollback'
    at SQLJsSession.run (C:\Users\Victor\Desktop\IntegrateSystem-main\node_modules\src\sqlite-core\session.ts:148:10)
    at SQLJsSession.transaction (C:\Users\Victor\Desktop\IntegrateSystem-main\node_modules\src\sql-js\session.ts:83:9)
    ... 2 lines matching cause stack trace ...
    at autoCloseExpiredRegisters (C:\Users\Victor\Desktop\IntegrateSystem-main\server\cash-register-control.ts:116:15) {
  cause: Error: cannot rollback - no transaction is active
      at e.handleError (C:\Users\Victor\Desktop\IntegrateSystem-main\node_modules\sql.js\dist\sql-wasm.js:90:226)
      at c.step (C:\Users\Victor\Desktop\IntegrateSystem-main\node_modules\sql.js\dist\sql-wasm.js:80:405)
      at c.run (C:\Users\Victor\Desktop\IntegrateSystem-main\node_modules\sql.js\dist\sql-wasm.js:83:87)
      at c.statement.run (C:\Users\Victor\Desktop\IntegrateSystem-main\server\local-sqlite-realtime-persistence.ts:52:24)
      at PreparedQuery.run (C:\Users\Victor\Desktop\IntegrateSystem-main\node_modules\src\sql-js\session.ts:131:28)
      at SQLJsSession.run (C:\Users\Victor\Desktop\IntegrateSystem-main\node_modules\src\sqlite-core\session.ts:146:74)
      at SQLJsSession.transaction (C:\Users\Victor\Desktop\IntegrateSystem-main\node_modules\src\sql-js\session.ts:83:9)
      at BaseSQLiteDatabase.transaction (C:\Users\Victor\Desktop\IntegrateSystem-main\node_modules\src\sqlite-core\db.ts:589:23)
      at closeAutomaticallyForDatabase (C:\Users\Victor\Desktop\IntegrateSystem-main\server\cash-register-control.ts:83:18)
      at autoCloseExpiredRegisters (C:\Users\Victor\Desktop\IntegrateSystem-main\server\cash-register-control.ts:116:15)
}
[CAIXA] Erro no fechamento automático: DrizzleError: Failed to run the query 'rollback'
    at SQLJsSession.run (C:\Users\Victor\Desktop\IntegrateSystem-main\node_modules\src\sqlite-core\session.ts:148:10)
    at SQLJsSession.transaction (C:\Users\Victor\Desktop\IntegrateSystem-main\node_modules\src\sql-js\session.ts:83:9)
    ... 2 lines matching cause stack trace ...
    at autoCloseExpiredRegisters (C:\Users\Victor\Desktop\IntegrateSystem-main\server\cash-register-control.ts:116:15) {
  cause: Error: cannot rollback - no transaction is active
      at e.handleError (C:\Users\Victor\Desktop\IntegrateSystem-main\node_modules\sql.js\dist\sql-wasm.js:90:226)
      at c.step (C:\Users\Victor\Desktop\IntegrateSystem-main\node_modules\sql.js\dist\sql-wasm.js:80:405)
      at c.run (C:\Users\Victor\Desktop\IntegrateSystem-main\node_modules\sql.js\dist\sql-wasm.js:83:87)
      at c.statement.run (C:\Users\Victor\Desktop\IntegrateSystem-main\server\local-sqlite-realtime-persistence.ts:52:24)
      at PreparedQuery.run (C:\Users\Victor\Desktop\IntegrateSystem-main\node_modules\src\sql-js\session.ts:131:28)
      at SQLJsSession.run (C:\Users\Victor\Desktop\IntegrateSystem-main\node_modules\src\sqlite-core\session.ts:146:74)
      at SQLJsSession.transaction (C:\Users\Victor\Desktop\IntegrateSystem-main\node_modules\src\sql-js\session.ts:83:9)
      at BaseSQLiteDatabase.transaction (C:\Users\Victor\Desktop\IntegrateSystem-main\node_modules\src\sqlite-core\db.ts:589:23)
      at closeAutomaticallyForDatabase (C:\Users\Victor\Desktop\IntegrateSystem-main\server\cash-register-control.ts:83:18)
      at autoCloseExpiredRegisters (C:\Users\Victor\Desktop\IntegrateSystem-main\server\cash-register-control.ts:116:15)
}
[CAIXA] Erro no fechamento automático: DrizzleError: Failed to run the query 'rollback'
    at SQLJsSession.run (C:\Users\Victor\Desktop\IntegrateSystem-main\node_modules\src\sqlite-core\session.ts:148:10)
    at SQLJsSession.transaction (C:\Users\Victor\Desktop\IntegrateSystem-main\node_modules\src\sql-js\session.ts:83:9)
    ... 2 lines matching cause stack trace ...
    at autoCloseExpiredRegisters (C:\Users\Victor\Desktop\IntegrateSystem-main\server\cash-register-control.ts:116:15) {
  cause: Error: cannot rollback - no transaction is active
      at e.handleError (C:\Users\Victor\Desktop\IntegrateSystem-main\node_modules\sql.js\dist\sql-wasm.js:90:226)
      at c.step (C:\Users\Victor\Desktop\IntegrateSystem-main\node_modules\sql.js\dist\sql-wasm.js:80:405)
      at c.run (C:\Users\Victor\Desktop\IntegrateSystem-main\node_modules\sql.js\dist\sql-wasm.js:83:87)
      at c.statement.run (C:\Users\Victor\Desktop\IntegrateSystem-main\server\local-sqlite-realtime-persistence.ts:52:24)
      at PreparedQuery.run (C:\Users\Victor\Desktop\IntegrateSystem-main\node_modules\src\sql-js\session.ts:131:28)
      at SQLJsSession.run (C:\Users\Victor\Desktop\IntegrateSystem-main\node_modules\src\sqlite-core\session.ts:146:74)
      at SQLJsSession.transaction (C:\Users\Victor\Desktop\IntegrateSystem-main\node_modules\src\sql-js\session.ts:83:9)
      at BaseSQLiteDatabase.transaction (C:\Users\Victor\Desktop\IntegrateSystem-main\node_modules\src\sqlite-core\db.ts:589:23)
      at closeAutomaticallyForDatabase (C:\Users\Victor\Desktop\IntegrateSystem-main\server\cash-register-control.ts:83:18)
      at autoCloseExpiredRegisters (C:\Users\Victor\Desktop\IntegrateSystem-main\server\cash-register-control.ts:116:15)
}
[CAIXA] Erro no fechamento automático: DrizzleError: Failed to run the query 'rollback'
    at SQLJsSession.run (C:\Users\Victor\Desktop\IntegrateSystem-main\node_modules\src\sqlite-core\session.ts:148:10)
    at SQLJsSession.transaction (C:\Users\Victor\Desktop\IntegrateSystem-main\node_modules\src\sql-js\session.ts:83:9)
    ... 2 lines matching cause stack trace ...
    at autoCloseExpiredRegisters (C:\Users\Victor\Desktop\IntegrateSystem-main\server\cash-register-control.ts:116:15) {
  cause: Error: cannot rollback - no transaction is active
      at e.handleError (C:\Users\Victor\Desktop\IntegrateSystem-main\node_modules\sql.js\dist\sql-wasm.js:90:226)
      at c.step (C:\Users\Victor\Desktop\IntegrateSystem-main\node_modules\sql.js\dist\sql-wasm.js:80:405)
      at c.run (C:\Users\Victor\Desktop\IntegrateSystem-main\node_modules\sql.js\dist\sql-wasm.js:83:87)
      at c.statement.run (C:\Users\Victor\Desktop\IntegrateSystem-main\server\local-sqlite-realtime-persistence.ts:52:24)
      at PreparedQuery.run (C:\Users\Victor\Desktop\IntegrateSystem-main\node_modules\src\sql-js\session.ts:131:28)
      at SQLJsSession.run (C:\Users\Victor\Desktop\IntegrateSystem-main\node_modules\src\sqlite-core\session.ts:146:74)
      at SQLJsSession.transaction (C:\Users\Victor\Desktop\IntegrateSystem-main\node_modules\src\sql-js\session.ts:83:9)
      at BaseSQLiteDatabase.transaction (C:\Users\Victor\Desktop\IntegrateSystem-main\node_modules\src\sqlite-core\db.ts:589:23)
      at closeAutomaticallyForDatabase (C:\Users\Victor\Desktop\IntegrateSystem-main\server\cash-register-control.ts:83:18)
      at autoCloseExpiredRegisters (C:\Users\Victor\Desktop\IntegrateSystem-main\server\cash-register-control.ts:116:15)
}
[CAIXA] Erro no fechamento automático: DrizzleError: Failed to run the query 'rollback'
    at SQLJsSession.run (C:\Users\Victor\Desktop\IntegrateSystem-main\node_modules\src\sqlite-core\session.ts:148:10)
    at SQLJsSession.transaction (C:\Users\Victor\Desktop\IntegrateSystem-main\node_modules\src\sql-js\session.ts:83:9)
    ... 2 lines matching cause stack trace ...
    at autoCloseExpiredRegisters (C:\Users\Victor\Desktop\IntegrateSystem-main\server\cash-register-control.ts:116:15) {
  cause: Error: cannot rollback - no transaction is active
      at e.handleError (C:\Users\Victor\Desktop\IntegrateSystem-main\node_modules\sql.js\dist\sql-wasm.js:90:226)
      at c.step (C:\Users\Victor\Desktop\IntegrateSystem-main\node_modules\sql.js\dist\sql-wasm.js:80:405)
      at c.run (C:\Users\Victor\Desktop\IntegrateSystem-main\node_modules\sql.js\dist\sql-wasm.js:83:87)
      at c.statement.run (C:\Users\Victor\Desktop\IntegrateSystem-main\server\local-sqlite-realtime-persistence.ts:52:24)
      at PreparedQuery.run (C:\Users\Victor\Desktop\IntegrateSystem-main\node_modules\src\sql-js\session.ts:131:28)
      at SQLJsSession.run (C:\Users\Victor\Desktop\IntegrateSystem-main\node_modules\src\sqlite-core\session.ts:146:74)
      at SQLJsSession.transaction (C:\Users\Victor\Desktop\IntegrateSystem-main\node_modules\src\sql-js\session.ts:83:9)
      at BaseSQLiteDatabase.transaction (C:\Users\Victor\Desktop\IntegrateSystem-main\node_modules\src\sqlite-core\db.ts:589:23)
      at closeAutomaticallyForDatabase (C:\Users\Victor\Desktop\IntegrateSystem-main\server\cash-register-control.ts:83:18)
      at autoCloseExpiredRegisters (C:\Users\Victor\Desktop\IntegrateSystem-main\server\cash-register-control.ts:116:15)
}
[CAIXA] Erro no fechamento automático: DrizzleError: Failed to run the query 'rollback'
    at SQLJsSession.run (C:\Users\Victor\Desktop\IntegrateSystem-main\node_modules\src\sqlite-core\session.ts:148:10)
    at SQLJsSession.transaction (C:\Users\Victor\Desktop\IntegrateSystem-main\node_modules\src\sql-js\session.ts:83:9)
    ... 2 lines matching cause stack trace ...
    at autoCloseExpiredRegisters (C:\Users\Victor\Desktop\IntegrateSystem-main\server\cash-register-control.ts:116:15) {
  cause: Error: cannot rollback - no transaction is active
      at e.handleError (C:\Users\Victor\Desktop\IntegrateSystem-main\node_modules\sql.js\dist\sql-wasm.js:90:226)
      at c.step (C:\Users\Victor\Desktop\IntegrateSystem-main\node_modules\sql.js\dist\sql-wasm.js:80:405)
      at c.run (C:\Users\Victor\Desktop\IntegrateSystem-main\node_modules\sql.js\dist\sql-wasm.js:83:87)
      at c.statement.run (C:\Users\Victor\Desktop\IntegrateSystem-main\server\local-sqlite-realtime-persistence.ts:52:24)
      at PreparedQuery.run (C:\Users\Victor\Desktop\IntegrateSystem-main\node_modules\src\sql-js\session.ts:131:28)
      at SQLJsSession.run (C:\Users\Victor\Desktop\IntegrateSystem-main\node_modules\src\sqlite-core\session.ts:146:74)
      at SQLJsSession.transaction (C:\Users\Victor\Desktop\IntegrateSystem-main\node_modules\src\sql-js\session.ts:83:9)
      at BaseSQLiteDatabase.transaction (C:\Users\Victor\Desktop\IntegrateSystem-main\node_modules\src\sqlite-core\db.ts:589:23)
      at closeAutomaticallyForDatabase (C:\Users\Victor\Desktop\IntegrateSystem-main\server\cash-register-control.ts:83:18)
      at autoCloseExpiredRegisters (C:\Users\Victor\Desktop\IntegrateSystem-main\server\cash-register-control.ts:116:15)
}
[CAIXA] Erro no fechamento automático: DrizzleError: Failed to run the query 'rollback'
    at SQLJsSession.run (C:\Users\Victor\Desktop\IntegrateSystem-main\node_modules\src\sqlite-core\session.ts:148:10)
    at SQLJsSession.transaction (C:\Users\Victor\Desktop\IntegrateSystem-main\node_modules\src\sql-js\session.ts:83:9)
    ... 2 lines matching cause stack trace ...
    at autoCloseExpiredRegisters (C:\Users\Victor\Desktop\IntegrateSystem-main\server\cash-register-control.ts:116:15) {
  cause: Error: cannot rollback - no transaction is active
      at e.handleError (C:\Users\Victor\Desktop\IntegrateSystem-main\node_modules\sql.js\dist\sql-wasm.js:90:226)
      at c.step (C:\Users\Victor\Desktop\IntegrateSystem-main\node_modules\sql.js\dist\sql-wasm.js:80:405)
      at c.run (C:\Users\Victor\Desktop\IntegrateSystem-main\node_modules\sql.js\dist\sql-wasm.js:83:87)
      at c.statement.run (C:\Users\Victor\Desktop\IntegrateSystem-main\server\local-sqlite-realtime-persistence.ts:52:24)
      at PreparedQuery.run (C:\Users\Victor\Desktop\IntegrateSystem-main\node_modules\src\sql-js\session.ts:131:28)
      at SQLJsSession.run (C:\Users\Victor\Desktop\IntegrateSystem-main\node_modules\src\sqlite-core\session.ts:146:74)
      at SQLJsSession.transaction (C:\Users\Victor\Desktop\IntegrateSystem-main\node_modules\src\sql-js\session.ts:83:9)
      at BaseSQLiteDatabase.transaction (C:\Users\Victor\Desktop\IntegrateSystem-main\node_modules\src\sqlite-core\db.ts:589:23)
      at closeAutomaticallyForDatabase (C:\Users\Victor\Desktop\IntegrateSystem-main\server\cash-register-control.ts:83:18)
      at autoCloseExpiredRegisters (C:\Users\Victor\Desktop\IntegrateSystem-main\server\cash-register-control.ts:116:15)
}
[CAIXA] Erro no fechamento automático: DrizzleError: Failed to run the query 'rollback'
    at SQLJsSession.run (C:\Users\Victor\Desktop\IntegrateSystem-main\node_modules\src\sqlite-core\session.ts:148:10)
    at SQLJsSession.transaction (C:\Users\Victor\Desktop\IntegrateSystem-main\node_modules\src\sql-js\session.ts:83:9)
    ... 2 lines matching cause stack trace ...
    at autoCloseExpiredRegisters (C:\Users\Victor\Desktop\IntegrateSystem-main\server\cash-register-control.ts:116:15) {
  cause: Error: cannot rollback - no transaction is active
      at e.handleError (C:\Users\Victor\Desktop\IntegrateSystem-main\node_modules\sql.js\dist\sql-wasm.js:90:226)
      at c.step (C:\Users\Victor\Desktop\IntegrateSystem-main\node_modules\sql.js\dist\sql-wasm.js:80:405)
      at c.run (C:\Users\Victor\Desktop\IntegrateSystem-main\node_modules\sql.js\dist\sql-wasm.js:83:87)
      at c.statement.run (C:\Users\Victor\Desktop\IntegrateSystem-main\server\local-sqlite-realtime-persistence.ts:52:24)
      at PreparedQuery.run (C:\Users\Victor\Desktop\IntegrateSystem-main\node_modules\src\sql-js\session.ts:131:28)
      at SQLJsSession.run (C:\Users\Victor\Desktop\IntegrateSystem-main\node_modules\src\sqlite-core\session.ts:146:74)
      at SQLJsSession.transaction (C:\Users\Victor\Desktop\IntegrateSystem-main\node_modules\src\sql-js\session.ts:83:9)
      at BaseSQLiteDatabase.transaction (C:\Users\Victor\Desktop\IntegrateSystem-main\node_modules\src\sqlite-core\db.ts:589:23)
      at closeAutomaticallyForDatabase (C:\Users\Victor\Desktop\IntegrateSystem-main\server\cash-register-control.ts:83:18)
      at autoCloseExpiredRegisters (C:\Users\Victor\Desktop\IntegrateSystem-main\server\cash-register-control.ts:116:15)
}
[CAIXA] Erro no fechamento automático: DrizzleError: Failed to run the query 'rollback'
    at SQLJsSession.run (C:\Users\Victor\Desktop\IntegrateSystem-main\node_modules\src\sqlite-core\session.ts:148:10)
    at SQLJsSession.transaction (C:\Users\Victor\Desktop\IntegrateSystem-main\node_modules\src\sql-js\session.ts:83:9)
    ... 2 lines matching cause stack trace ...
    at autoCloseExpiredRegisters (C:\Users\Victor\Desktop\IntegrateSystem-main\server\cash-register-control.ts:116:15) {
  cause: Error: cannot rollback - no transaction is active
      at e.handleError (C:\Users\Victor\Desktop\IntegrateSystem-main\node_modules\sql.js\dist\sql-wasm.js:90:226)
      at c.step (C:\Users\Victor\Desktop\IntegrateSystem-main\node_modules\sql.js\dist\sql-wasm.js:80:405)
      at c.run (C:\Users\Victor\Desktop\IntegrateSystem-main\node_modules\sql.js\dist\sql-wasm.js:83:87)
      at c.statement.run (C:\Users\Victor\Desktop\IntegrateSystem-main\server\local-sqlite-realtime-persistence.ts:52:24)
      at PreparedQuery.run (C:\Users\Victor\Desktop\IntegrateSystem-main\node_modules\src\sql-js\session.ts:131:28)
      at SQLJsSession.run (C:\Users\Victor\Desktop\IntegrateSystem-main\node_modules\src\sqlite-core\session.ts:146:74)
      at SQLJsSession.transaction (C:\Users\Victor\Desktop\IntegrateSystem-main\node_modules\src\sql-js\session.ts:83:9)
      at BaseSQLiteDatabase.transaction (C:\Users\Victor\Desktop\IntegrateSystem-main\node_modules\src\sqlite-core\db.ts:589:23)
      at closeAutomaticallyForDatabase (C:\Users\Victor\Desktop\IntegrateSystem-main\server\cash-register-control.ts:83:18)
      at autoCloseExpiredRegisters (C:\Users\Victor\Desktop\IntegrateSystem-main\server\cash-register-control.ts:116:15)
}
[CAIXA] Erro no fechamento automático: DrizzleError: Failed to run the query 'rollback'
    at SQLJsSession.run (C:\Users\Victor\Desktop\IntegrateSystem-main\node_modules\src\sqlite-core\session.ts:148:10)
    at SQLJsSession.transaction (C:\Users\Victor\Desktop\IntegrateSystem-main\node_modules\src\sql-js\session.ts:83:9)
    ... 2 lines matching cause stack trace ...
    at autoCloseExpiredRegisters (C:\Users\Victor\Desktop\IntegrateSystem-main\server\cash-register-control.ts:116:15) {
  cause: Error: cannot rollback - no transaction is active
      at e.handleError (C:\Users\Victor\Desktop\IntegrateSystem-main\node_modules\sql.js\dist\sql-wasm.js:90:226)
      at c.step (C:\Users\Victor\Desktop\IntegrateSystem-main\node_modules\sql.js\dist\sql-wasm.js:80:405)
      at c.run (C:\Users\Victor\Desktop\IntegrateSystem-main\node_modules\sql.js\dist\sql-wasm.js:83:87)
      at c.statement.run (C:\Users\Victor\Desktop\IntegrateSystem-main\server\local-sqlite-realtime-persistence.ts:52:24)
      at PreparedQuery.run (C:\Users\Victor\Desktop\IntegrateSystem-main\node_modules\src\sql-js\session.ts:131:28)
      at SQLJsSession.run (C:\Users\Victor\Desktop\IntegrateSystem-main\node_modules\src\sqlite-core\session.ts:146:74)
      at SQLJsSession.transaction (C:\Users\Victor\Desktop\IntegrateSystem-main\node_modules\src\sql-js\session.ts:83:9)
      at BaseSQLiteDatabase.transaction (C:\Users\Victor\Desktop\IntegrateSystem-main\node_modules\src\sqlite-core\db.ts:589:23)
      at closeAutomaticallyForDatabase (C:\Users\Victor\Desktop\IntegrateSystem-main\server\cash-register-control.ts:83:18)
      at autoCloseExpiredRegisters (C:\Users\Victor\Desktop\IntegrateSystem-main\server\cash-register-control.ts:116:15)
}
[CAIXA] Erro no fechamento automático: DrizzleError: Failed to run the query 'rollback'
    at SQLJsSession.run (C:\Users\Victor\Desktop\IntegrateSystem-main\node_modules\src\sqlite-core\session.ts:148:10)
    at SQLJsSession.transaction (C:\Users\Victor\Desktop\IntegrateSystem-main\node_modules\src\sql-js\session.ts:83:9)
    ... 2 lines matching cause stack trace ...
    at autoCloseExpiredRegisters (C:\Users\Victor\Desktop\IntegrateSystem-main\server\cash-register-control.ts:116:15) {
  cause: Error: cannot rollback - no transaction is active
      at e.handleError (C:\Users\Victor\Desktop\IntegrateSystem-main\node_modules\sql.js\dist\sql-wasm.js:90:226)
      at c.step (C:\Users\Victor\Desktop\IntegrateSystem-main\node_modules\sql.js\dist\sql-wasm.js:80:405)
      at c.run (C:\Users\Victor\Desktop\IntegrateSystem-main\node_modules\sql.js\dist\sql-wasm.js:83:87)
      at c.statement.run (C:\Users\Victor\Desktop\IntegrateSystem-main\server\local-sqlite-realtime-persistence.ts:52:24)
      at PreparedQuery.run (C:\Users\Victor\Desktop\IntegrateSystem-main\node_modules\src\sql-js\session.ts:131:28)
      at SQLJsSession.run (C:\Users\Victor\Desktop\IntegrateSystem-main\node_modules\src\sqlite-core\session.ts:146:74)
      at SQLJsSession.transaction (C:\Users\Victor\Desktop\IntegrateSystem-main\node_modules\src\sql-js\session.ts:83:9)
      at BaseSQLiteDatabase.transaction (C:\Users\Victor\Desktop\IntegrateSystem-main\node_modules\src\sqlite-core\db.ts:589:23)
      at closeAutomaticallyForDatabase (C:\Users\Victor\Desktop\IntegrateSystem-main\server\cash-register-control.ts:83:18)
      at autoCloseExpiredRegisters (C:\Users\Victor\Desktop\IntegrateSystem-main\server\cash-register-control.ts:116:15)
}
[CAIXA] Erro no fechamento automático: DrizzleError: Failed to run the query 'rollback'
    at SQLJsSession.run (C:\Users\Victor\Desktop\IntegrateSystem-main\node_modules\src\sqlite-core\session.ts:148:10)
    at SQLJsSession.transaction (C:\Users\Victor\Desktop\IntegrateSystem-main\node_modules\src\sql-js\session.ts:83:9)
    ... 2 lines matching cause stack trace ...
    at autoCloseExpiredRegisters (C:\Users\Victor\Desktop\IntegrateSystem-main\server\cash-register-control.ts:116:15) {
  cause: Error: cannot rollback - no transaction is active
      at e.handleError (C:\Users\Victor\Desktop\IntegrateSystem-main\node_modules\sql.js\dist\sql-wasm.js:90:226)
      at c.step (C:\Users\Victor\Desktop\IntegrateSystem-main\node_modules\sql.js\dist\sql-wasm.js:80:405)
      at c.run (C:\Users\Victor\Desktop\IntegrateSystem-main\node_modules\sql.js\dist\sql-wasm.js:83:87)
      at c.statement.run (C:\Users\Victor\Desktop\IntegrateSystem-main\server\local-sqlite-realtime-persistence.ts:52:24)
      at PreparedQuery.run (C:\Users\Victor\Desktop\IntegrateSystem-main\node_modules\src\sql-js\session.ts:131:28)
      at SQLJsSession.run (C:\Users\Victor\Desktop\IntegrateSystem-main\node_modules\src\sqlite-core\session.ts:146:74)
      at SQLJsSession.transaction (C:\Users\Victor\Desktop\IntegrateSystem-main\node_modules\src\sql-js\session.ts:83:9)
      at BaseSQLiteDatabase.transaction (C:\Users\Victor\Desktop\IntegrateSystem-main\node_modules\src\sqlite-core\db.ts:589:23)
      at closeAutomaticallyForDatabase (C:\Users\Victor\Desktop\IntegrateSystem-main\server\cash-register-control.ts:83:18)
      at autoCloseExpiredRegisters (C:\Users\Victor\Desktop\IntegrateSystem-main\server\cash-register-control.ts:116:15)
}
[CAIXA] Erro no fechamento automático: DrizzleError: Failed to run the query 'rollback'
    at SQLJsSession.run (C:\Users\Victor\Desktop\IntegrateSystem-main\node_modules\src\sqlite-core\session.ts:148:10)
    at SQLJsSession.transaction (C:\Users\Victor\Desktop\IntegrateSystem-main\node_modules\src\sql-js\session.ts:83:9)
    ... 2 lines matching cause stack trace ...
    at autoCloseExpiredRegisters (C:\Users\Victor\Desktop\IntegrateSystem-main\server\cash-register-control.ts:116:15) {
  cause: Error: cannot rollback - no transaction is active
      at e.handleError (C:\Users\Victor\Desktop\IntegrateSystem-main\node_modules\sql.js\dist\sql-wasm.js:90:226)
      at c.step (C:\Users\Victor\Desktop\IntegrateSystem-main\node_modules\sql.js\dist\sql-wasm.js:80:405)
      at c.run (C:\Users\Victor\Desktop\IntegrateSystem-main\node_modules\sql.js\dist\sql-wasm.js:83:87)
      at c.statement.run (C:\Users\Victor\Desktop\IntegrateSystem-main\server\local-sqlite-realtime-persistence.ts:52:24)
      at PreparedQuery.run (C:\Users\Victor\Desktop\IntegrateSystem-main\node_modules\src\sql-js\session.ts:131:28)
      at SQLJsSession.run (C:\Users\Victor\Desktop\IntegrateSystem-main\node_modules\src\sqlite-core\session.ts:146:74)
      at SQLJsSession.transaction (C:\Users\Victor\Desktop\IntegrateSystem-main\node_modules\src\sql-js\session.ts:83:9)
      at BaseSQLiteDatabase.transaction (C:\Users\Victor\Desktop\IntegrateSystem-main\node_modules\src\sqlite-core\db.ts:589:23)
      at closeAutomaticallyForDatabase (C:\Users\Victor\Desktop\IntegrateSystem-main\server\cash-register-control.ts:83:18)
      at autoCloseExpiredRegisters (C:\Users\Victor\Desktop\IntegrateSystem-main\server\cash-register-control.ts:116:15)
}
[CAIXA] Erro no fechamento automático: DrizzleError: Failed to run the query 'rollback'
    at SQLJsSession.run (C:\Users\Victor\Desktop\IntegrateSystem-main\node_modules\src\sqlite-core\session.ts:148:10)
    at SQLJsSession.transaction (C:\Users\Victor\Desktop\IntegrateSystem-main\node_modules\src\sql-js\session.ts:83:9)
    ... 2 lines matching cause stack trace ...
    at autoCloseExpiredRegisters (C:\Users\Victor\Desktop\IntegrateSystem-main\server\cash-register-control.ts:116:15) {
  cause: Error: cannot rollback - no transaction is active
      at e.handleError (C:\Users\Victor\Desktop\IntegrateSystem-main\node_modules\sql.js\dist\sql-wasm.js:90:226)
      at c.step (C:\Users\Victor\Desktop\IntegrateSystem-main\node_modules\sql.js\dist\sql-wasm.js:80:405)
      at c.run (C:\Users\Victor\Desktop\IntegrateSystem-main\node_modules\sql.js\dist\sql-wasm.js:83:87)
      at c.statement.run (C:\Users\Victor\Desktop\IntegrateSystem-main\server\local-sqlite-realtime-persistence.ts:52:24)
      at PreparedQuery.run (C:\Users\Victor\Desktop\IntegrateSystem-main\node_modules\src\sql-js\session.ts:131:28)
      at SQLJsSession.run (C:\Users\Victor\Desktop\IntegrateSystem-main\node_modules\src\sqlite-core\session.ts:146:74)
      at SQLJsSession.transaction (C:\Users\Victor\Desktop\IntegrateSystem-main\node_modules\src\sql-js\session.ts:83:9)
      at BaseSQLiteDatabase.transaction (C:\Users\Victor\Desktop\IntegrateSystem-main\node_modules\src\sqlite-core\db.ts:589:23)
      at closeAutomaticallyForDatabase (C:\Users\Victor\Desktop\IntegrateSystem-main\server\cash-register-control.ts:83:18)
      at autoCloseExpiredRegisters (C:\Users\Victor\Desktop\IntegrateSystem-main\server\cash-register-control.ts:116:15)
}
[CAIXA] Erro no fechamento automático: DrizzleError: Failed to run the query 'rollback'
    at SQLJsSession.run (C:\Users\Victor\Desktop\IntegrateSystem-main\node_modules\src\sqlite-core\session.ts:148:10)
    at SQLJsSession.transaction (C:\Users\Victor\Desktop\IntegrateSystem-main\node_modules\src\sql-js\session.ts:83:9)
    ... 2 lines matching cause stack trace ...
    at autoCloseExpiredRegisters (C:\Users\Victor\Desktop\IntegrateSystem-main\server\cash-register-control.ts:116:15) {
  cause: Error: cannot rollback - no transaction is active
      at e.handleError (C:\Users\Victor\Desktop\IntegrateSystem-main\node_modules\sql.js\dist\sql-wasm.js:90:226)
      at c.step (C:\Users\Victor\Desktop\IntegrateSystem-main\node_modules\sql.js\dist\sql-wasm.js:80:405)
      at c.run (C:\Users\Victor\Desktop\IntegrateSystem-main\node_modules\sql.js\dist\sql-wasm.js:83:87)
      at c.statement.run (C:\Users\Victor\Desktop\IntegrateSystem-main\server\local-sqlite-realtime-persistence.ts:52:24)
      at PreparedQuery.run (C:\Users\Victor\Desktop\IntegrateSystem-main\node_modules\src\sql-js\session.ts:131:28)
      at SQLJsSession.run (C:\Users\Victor\Desktop\IntegrateSystem-main\node_modules\src\sqlite-core\session.ts:146:74)
      at SQLJsSession.transaction (C:\Users\Victor\Desktop\IntegrateSystem-main\node_modules\src\sql-js\session.ts:83:9)
      at BaseSQLiteDatabase.transaction (C:\Users\Victor\Desktop\IntegrateSystem-main\node_modules\src\sqlite-core\db.ts:589:23)
      at closeAutomaticallyForDatabase (C:\Users\Victor\Desktop\IntegrateSystem-main\server\cash-register-control.ts:83:18)
      at autoCloseExpiredRegisters (C:\Users\Victor\Desktop\IntegrateSystem-main\server\cash-register-control.ts:116:15)
}
[CAIXA] Erro no fechamento automático: DrizzleError: Failed to run the query 'rollback'
    at SQLJsSession.run (C:\Users\Victor\Desktop\IntegrateSystem-main\node_modules\src\sqlite-core\session.ts:148:10)
    at SQLJsSession.transaction (C:\Users\Victor\Desktop\IntegrateSystem-main\node_modules\src\sql-js\session.ts:83:9)
    ... 2 lines matching cause stack trace ...
    at autoCloseExpiredRegisters (C:\Users\Victor\Desktop\IntegrateSystem-main\server\cash-register-control.ts:116:15) {
  cause: Error: cannot rollback - no transaction is active
      at e.handleError (C:\Users\Victor\Desktop\IntegrateSystem-main\node_modules\sql.js\dist\sql-wasm.js:90:226)
      at c.step (C:\Users\Victor\Desktop\IntegrateSystem-main\node_modules\sql.js\dist\sql-wasm.js:80:405)
      at c.run (C:\Users\Victor\Desktop\IntegrateSystem-main\node_modules\sql.js\dist\sql-wasm.js:83:87)
      at c.statement.run (C:\Users\Victor\Desktop\IntegrateSystem-main\server\local-sqlite-realtime-persistence.ts:52:24)
      at PreparedQuery.run (C:\Users\Victor\Desktop\IntegrateSystem-main\node_modules\src\sql-js\session.ts:131:28)
      at SQLJsSession.run (C:\Users\Victor\Desktop\IntegrateSystem-main\node_modules\src\sqlite-core\session.ts:146:74)
      at SQLJsSession.transaction (C:\Users\Victor\Desktop\IntegrateSystem-main\node_modules\src\sql-js\session.ts:83:9)
      at BaseSQLiteDatabase.transaction (C:\Users\Victor\Desktop\IntegrateSystem-main\node_modules\src\sqlite-core\db.ts:589:23)
      at closeAutomaticallyForDatabase (C:\Users\Victor\Desktop\IntegrateSystem-main\server\cash-register-control.ts:83:18)
      at autoCloseExpiredRegisters (C:\Users\Victor\Desktop\IntegrateSystem-main\server\cash-register-control.ts:116:15)
}
[CAIXA] Erro no fechamento automático: DrizzleError: Failed to run the query 'rollback'
    at SQLJsSession.run (C:\Users\Victor\Desktop\IntegrateSystem-main\node_modules\src\sqlite-core\session.ts:148:10)
    at SQLJsSession.transaction (C:\Users\Victor\Desktop\IntegrateSystem-main\node_modules\src\sql-js\session.ts:83:9)
    ... 2 lines matching cause stack trace ...
    at autoCloseExpiredRegisters (C:\Users\Victor\Desktop\IntegrateSystem-main\server\cash-register-control.ts:116:15) {
  cause: Error: cannot rollback - no transaction is active
      at e.handleError (C:\Users\Victor\Desktop\IntegrateSystem-main\node_modules\sql.js\dist\sql-wasm.js:90:226)
      at c.step (C:\Users\Victor\Desktop\IntegrateSystem-main\node_modules\sql.js\dist\sql-wasm.js:80:405)
      at c.run (C:\Users\Victor\Desktop\IntegrateSystem-main\node_modules\sql.js\dist\sql-wasm.js:83:87)
      at c.statement.run (C:\Users\Victor\Desktop\IntegrateSystem-main\server\local-sqlite-realtime-persistence.ts:52:24)
      at PreparedQuery.run (C:\Users\Victor\Desktop\IntegrateSystem-main\node_modules\src\sql-js\session.ts:131:28)
      at SQLJsSession.run (C:\Users\Victor\Desktop\IntegrateSystem-main\node_modules\src\sqlite-core\session.ts:146:74)
      at SQLJsSession.transaction (C:\Users\Victor\Desktop\IntegrateSystem-main\node_modules\src\sql-js\session.ts:83:9)
      at BaseSQLiteDatabase.transaction (C:\Users\Victor\Desktop\IntegrateSystem-main\node_modules\src\sqlite-core\db.ts:589:23)
      at closeAutomaticallyForDatabase (C:\Users\Victor\Desktop\IntegrateSystem-main\server\cash-register-control.ts:83:18)
      at autoCloseExpiredRegisters (C:\Users\Victor\Desktop\IntegrateSystem-main\server\cash-register-control.ts:116:15)
}
[CAIXA] Erro no fechamento automático: DrizzleError: Failed to run the query 'rollback'
    at SQLJsSession.run (C:\Users\Victor\Desktop\IntegrateSystem-main\node_modules\src\sqlite-core\session.ts:148:10)
    at SQLJsSession.transaction (C:\Users\Victor\Desktop\IntegrateSystem-main\node_modules\src\sql-js\session.ts:83:9)
    ... 2 lines matching cause stack trace ...
    at autoCloseExpiredRegisters (C:\Users\Victor\Desktop\IntegrateSystem-main\server\cash-register-control.ts:116:15) {
  cause: Error: cannot rollback - no transaction is active
      at e.handleError (C:\Users\Victor\Desktop\IntegrateSystem-main\node_modules\sql.js\dist\sql-wasm.js:90:226)
      at c.step (C:\Users\Victor\Desktop\IntegrateSystem-main\node_modules\sql.js\dist\sql-wasm.js:80:405)
      at c.run (C:\Users\Victor\Desktop\IntegrateSystem-main\node_modules\sql.js\dist\sql-wasm.js:83:87)
      at c.statement.run (C:\Users\Victor\Desktop\IntegrateSystem-main\server\local-sqlite-realtime-persistence.ts:52:24)
      at PreparedQuery.run (C:\Users\Victor\Desktop\IntegrateSystem-main\node_modules\src\sql-js\session.ts:131:28)
      at SQLJsSession.run (C:\Users\Victor\Desktop\IntegrateSystem-main\node_modules\src\sqlite-core\session.ts:146:74)
      at SQLJsSession.transaction (C:\Users\Victor\Desktop\IntegrateSystem-main\node_modules\src\sql-js\session.ts:83:9)
      at BaseSQLiteDatabase.transaction (C:\Users\Victor\Desktop\IntegrateSystem-main\node_modules\src\sqlite-core\db.ts:589:23)
      at closeAutomaticallyForDatabase (C:\Users\Victor\Desktop\IntegrateSystem-main\server\cash-register-control.ts:83:18)
      at autoCloseExpiredRegisters (C:\Users\Victor\Desktop\IntegrateSystem-main\server\cash-register-control.ts:116:15)
}
[CAIXA] Erro no fechamento automático: DrizzleError: Failed to run the query 'rollback'
    at SQLJsSession.run (C:\Users\Victor\Desktop\IntegrateSystem-main\node_modules\src\sqlite-core\session.ts:148:10)
    at SQLJsSession.transaction (C:\Users\Victor\Desktop\IntegrateSystem-main\node_modules\src\sql-js\session.ts:83:9)
    ... 2 lines matching cause stack trace ...
    at autoCloseExpiredRegisters (C:\Users\Victor\Desktop\IntegrateSystem-main\server\cash-register-control.ts:116:15) {
  cause: Error: cannot rollback - no transaction is active
      at e.handleError (C:\Users\Victor\Desktop\IntegrateSystem-main\node_modules\sql.js\dist\sql-wasm.js:90:226)
      at c.step (C:\Users\Victor\Desktop\IntegrateSystem-main\node_modules\sql.js\dist\sql-wasm.js:80:405)
      at c.run (C:\Users\Victor\Desktop\IntegrateSystem-main\node_modules\sql.js\dist\sql-wasm.js:83:87)
      at c.statement.run (C:\Users\Victor\Desktop\IntegrateSystem-main\server\local-sqlite-realtime-persistence.ts:52:24)
      at PreparedQuery.run (C:\Users\Victor\Desktop\IntegrateSystem-main\node_modules\src\sql-js\session.ts:131:28)
      at SQLJsSession.run (C:\Users\Victor\Desktop\IntegrateSystem-main\node_modules\src\sqlite-core\session.ts:146:74)
      at SQLJsSession.transaction (C:\Users\Victor\Desktop\IntegrateSystem-main\node_modules\src\sql-js\session.ts:83:9)
      at BaseSQLiteDatabase.transaction (C:\Users\Victor\Desktop\IntegrateSystem-main\node_modules\src\sqlite-core\db.ts:589:23)
      at closeAutomaticallyForDatabase (C:\Users\Victor\Desktop\IntegrateSystem-main\server\cash-register-control.ts:83:18)
      at autoCloseExpiredRegisters (C:\Users\Victor\Desktop\IntegrateSystem-main\server\cash-register-control.ts:116:15)
}
[CAIXA] Erro no fechamento automático: DrizzleError: Failed to run the query 'rollback'
    at SQLJsSession.run (C:\Users\Victor\Desktop\IntegrateSystem-main\node_modules\src\sqlite-core\session.ts:148:10)
    at SQLJsSession.transaction (C:\Users\Victor\Desktop\IntegrateSystem-main\node_modules\src\sql-js\session.ts:83:9)
    ... 2 lines matching cause stack trace ...
    at autoCloseExpiredRegisters (C:\Users\Victor\Desktop\IntegrateSystem-main\server\cash-register-control.ts:116:15) {
  cause: Error: cannot rollback - no transaction is active
      at e.handleError (C:\Users\Victor\Desktop\IntegrateSystem-main\node_modules\sql.js\dist\sql-wasm.js:90:226)
      at c.step (C:\Users\Victor\Desktop\IntegrateSystem-main\node_modules\sql.js\dist\sql-wasm.js:80:405)
      at c.run (C:\Users\Victor\Desktop\IntegrateSystem-main\node_modules\sql.js\dist\sql-wasm.js:83:87)
      at c.statement.run (C:\Users\Victor\Desktop\IntegrateSystem-main\server\local-sqlite-realtime-persistence.ts:52:24)
      at PreparedQuery.run (C:\Users\Victor\Desktop\IntegrateSystem-main\node_modules\src\sql-js\session.ts:131:28)
      at SQLJsSession.run (C:\Users\Victor\Desktop\IntegrateSystem-main\node_modules\src\sqlite-core\session.ts:146:74)
      at SQLJsSession.transaction (C:\Users\Victor\Desktop\IntegrateSystem-main\node_modules\src\sql-js\session.ts:83:9)
      at BaseSQLiteDatabase.transaction (C:\Users\Victor\Desktop\IntegrateSystem-main\node_modules\src\sqlite-core\db.ts:589:23)
      at closeAutomaticallyForDatabase (C:\Users\Victor\Desktop\IntegrateSystem-main\server\cash-register-control.ts:83:18)
      at autoCloseExpiredRegisters (C:\Users\Victor\Desktop\IntegrateSystem-main\server\cash-register-control.ts:116:15)
}
[CAIXA] Erro no fechamento automático: DrizzleError: Failed to run the query 'rollback'
    at SQLJsSession.run (C:\Users\Victor\Desktop\IntegrateSystem-main\node_modules\src\sqlite-core\session.ts:148:10)
    at SQLJsSession.transaction (C:\Users\Victor\Desktop\IntegrateSystem-main\node_modules\src\sql-js\session.ts:83:9)
    ... 2 lines matching cause stack trace ...
    at autoCloseExpiredRegisters (C:\Users\Victor\Desktop\IntegrateSystem-main\server\cash-register-control.ts:116:15) {
  cause: Error: cannot rollback - no transaction is active
      at e.handleError (C:\Users\Victor\Desktop\IntegrateSystem-main\node_modules\sql.js\dist\sql-wasm.js:90:226)
      at c.step (C:\Users\Victor\Desktop\IntegrateSystem-main\node_modules\sql.js\dist\sql-wasm.js:80:405)
      at c.run (C:\Users\Victor\Desktop\IntegrateSystem-main\node_modules\sql.js\dist\sql-wasm.js:83:87)
      at c.statement.run (C:\Users\Victor\Desktop\IntegrateSystem-main\server\local-sqlite-realtime-persistence.ts:52:24)
      at PreparedQuery.run (C:\Users\Victor\Desktop\IntegrateSystem-main\node_modules\src\sql-js\session.ts:131:28)
      at SQLJsSession.run (C:\Users\Victor\Desktop\IntegrateSystem-main\node_modules\src\sqlite-core\session.ts:146:74)
      at SQLJsSession.transaction (C:\Users\Victor\Desktop\IntegrateSystem-main\node_modules\src\sql-js\session.ts:83:9)
      at BaseSQLiteDatabase.transaction (C:\Users\Victor\Desktop\IntegrateSystem-main\node_modules\src\sqlite-core\db.ts:589:23)
      at closeAutomaticallyForDatabase (C:\Users\Victor\Desktop\IntegrateSystem-main\server\cash-register-control.ts:83:18)
      at autoCloseExpiredRegisters (C:\Users\Victor\Desktop\IntegrateSystem-main\server\cash-register-control.ts:116:15)
}
[CAIXA] Erro no fechamento automático: DrizzleError: Failed to run the query 'rollback'
    at SQLJsSession.run (C:\Users\Victor\Desktop\IntegrateSystem-main\node_modules\src\sqlite-core\session.ts:148:10)
    at SQLJsSession.transaction (C:\Users\Victor\Desktop\IntegrateSystem-main\node_modules\src\sql-js\session.ts:83:9)
    ... 2 lines matching cause stack trace ...
    at autoCloseExpiredRegisters (C:\Users\Victor\Desktop\IntegrateSystem-main\server\cash-register-control.ts:116:15) {
  cause: Error: cannot rollback - no transaction is active
      at e.handleError (C:\Users\Victor\Desktop\IntegrateSystem-main\node_modules\sql.js\dist\sql-wasm.js:90:226)
      at c.step (C:\Users\Victor\Desktop\IntegrateSystem-main\node_modules\sql.js\dist\sql-wasm.js:80:405)
      at c.run (C:\Users\Victor\Desktop\IntegrateSystem-main\node_modules\sql.js\dist\sql-wasm.js:83:87)
      at c.statement.run (C:\Users\Victor\Desktop\IntegrateSystem-main\server\local-sqlite-realtime-persistence.ts:52:24)
      at PreparedQuery.run (C:\Users\Victor\Desktop\IntegrateSystem-main\node_modules\src\sql-js\session.ts:131:28)
      at SQLJsSession.run (C:\Users\Victor\Desktop\IntegrateSystem-main\node_modules\src\sqlite-core\session.ts:146:74)
      at SQLJsSession.transaction (C:\Users\Victor\Desktop\IntegrateSystem-main\node_modules\src\sql-js\session.ts:83:9)
      at BaseSQLiteDatabase.transaction (C:\Users\Victor\Desktop\IntegrateSystem-main\node_modules\src\sqlite-core\db.ts:589:23)
      at closeAutomaticallyForDatabase (C:\Users\Victor\Desktop\IntegrateSystem-main\server\cash-register-control.ts:83:18)
      at autoCloseExpiredRegisters (C:\Users\Victor\Desktop\IntegrateSystem-main\server\cash-register-control.ts:116:15)
}
[CAIXA] Erro no fechamento automático: DrizzleError: Failed to run the query 'rollback'
    at SQLJsSession.run (C:\Users\Victor\Desktop\IntegrateSystem-main\node_modules\src\sqlite-core\session.ts:148:10)
    at SQLJsSession.transaction (C:\Users\Victor\Desktop\IntegrateSystem-main\node_modules\src\sql-js\session.ts:83:9)
    ... 2 lines matching cause stack trace ...
    at autoCloseExpiredRegisters (C:\Users\Victor\Desktop\IntegrateSystem-main\server\cash-register-control.ts:116:15) {
  cause: Error: cannot rollback - no transaction is active
      at e.handleError (C:\Users\Victor\Desktop\IntegrateSystem-main\node_modules\sql.js\dist\sql-wasm.js:90:226)
      at c.step (C:\Users\Victor\Desktop\IntegrateSystem-main\node_modules\sql.js\dist\sql-wasm.js:80:405)
      at c.run (C:\Users\Victor\Desktop\IntegrateSystem-main\node_modules\sql.js\dist\sql-wasm.js:83:87)
      at c.statement.run (C:\Users\Victor\Desktop\IntegrateSystem-main\server\local-sqlite-realtime-persistence.ts:52:24)
      at PreparedQuery.run (C:\Users\Victor\Desktop\IntegrateSystem-main\node_modules\src\sql-js\session.ts:131:28)
      at SQLJsSession.run (C:\Users\Victor\Desktop\IntegrateSystem-main\node_modules\src\sqlite-core\session.ts:146:74)
      at SQLJsSession.transaction (C:\Users\Victor\Desktop\IntegrateSystem-main\node_modules\src\sql-js\session.ts:83:9)
      at BaseSQLiteDatabase.transaction (C:\Users\Victor\Desktop\IntegrateSystem-main\node_modules\src\sqlite-core\db.ts:589:23)
      at closeAutomaticallyForDatabase (C:\Users\Victor\Desktop\IntegrateSystem-main\server\cash-register-control.ts:83:18)
      at autoCloseExpiredRegisters (C:\Users\Victor\Desktop\IntegrateSystem-main\server\cash-register-control.ts:116:15)
}
[CAIXA] Erro no fechamento automático: DrizzleError: Failed to run the query 'rollback'
    at SQLJsSession.run (C:\Users\Victor\Desktop\IntegrateSystem-main\node_modules\src\sqlite-core\session.ts:148:10)
    at SQLJsSession.transaction (C:\Users\Victor\Desktop\IntegrateSystem-main\node_modules\src\sql-js\session.ts:83:9)
    ... 2 lines matching cause stack trace ...
    at autoCloseExpiredRegisters (C:\Users\Victor\Desktop\IntegrateSystem-main\server\cash-register-control.ts:116:15) {
  cause: Error: cannot rollback - no transaction is active
      at e.handleError (C:\Users\Victor\Desktop\IntegrateSystem-main\node_modules\sql.js\dist\sql-wasm.js:90:226)
      at c.step (C:\Users\Victor\Desktop\IntegrateSystem-main\node_modules\sql.js\dist\sql-wasm.js:80:405)
      at c.run (C:\Users\Victor\Desktop\IntegrateSystem-main\node_modules\sql.js\dist\sql-wasm.js:83:87)
      at c.statement.run (C:\Users\Victor\Desktop\IntegrateSystem-main\server\local-sqlite-realtime-persistence.ts:52:24)
      at PreparedQuery.run (C:\Users\Victor\Desktop\IntegrateSystem-main\node_modules\src\sql-js\session.ts:131:28)
      at SQLJsSession.run (C:\Users\Victor\Desktop\IntegrateSystem-main\node_modules\src\sqlite-core\session.ts:146:74)
      at SQLJsSession.transaction (C:\Users\Victor\Desktop\IntegrateSystem-main\node_modules\src\sql-js\session.ts:83:9)
      at BaseSQLiteDatabase.transaction (C:\Users\Victor\Desktop\IntegrateSystem-main\node_modules\src\sqlite-core\db.ts:589:23)
      at closeAutomaticallyForDatabase (C:\Users\Victor\Desktop\IntegrateSystem-main\server\cash-register-control.ts:83:18)
      at autoCloseExpiredRegisters (C:\Users\Victor\Desktop\IntegrateSystem-main\server\cash-register-control.ts:116:15)
}
[CAIXA] Erro no fechamento automático: DrizzleError: Failed to run the query 'rollback'
    at SQLJsSession.run (C:\Users\Victor\Desktop\IntegrateSystem-main\node_modules\src\sqlite-core\session.ts:148:10)
    at SQLJsSession.transaction (C:\Users\Victor\Desktop\IntegrateSystem-main\node_modules\src\sql-js\session.ts:83:9)
    ... 2 lines matching cause stack trace ...
    at autoCloseExpiredRegisters (C:\Users\Victor\Desktop\IntegrateSystem-main\server\cash-register-control.ts:116:15) {
  cause: Error: cannot rollback - no transaction is active
      at e.handleError (C:\Users\Victor\Desktop\IntegrateSystem-main\node_modules\sql.js\dist\sql-wasm.js:90:226)
      at c.step (C:\Users\Victor\Desktop\IntegrateSystem-main\node_modules\sql.js\dist\sql-wasm.js:80:405)
      at c.run (C:\Users\Victor\Desktop\IntegrateSystem-main\node_modules\sql.js\dist\sql-wasm.js:83:87)
      at c.statement.run (C:\Users\Victor\Desktop\IntegrateSystem-main\server\local-sqlite-realtime-persistence.ts:52:24)
      at PreparedQuery.run (C:\Users\Victor\Desktop\IntegrateSystem-main\node_modules\src\sql-js\session.ts:131:28)
      at SQLJsSession.run (C:\Users\Victor\Desktop\IntegrateSystem-main\node_modules\src\sqlite-core\session.ts:146:74)
      at SQLJsSession.transaction (C:\Users\Victor\Desktop\IntegrateSystem-main\node_modules\src\sql-js\session.ts:83:9)
      at BaseSQLiteDatabase.transaction (C:\Users\Victor\Desktop\IntegrateSystem-main\node_modules\src\sqlite-core\db.ts:589:23)
      at closeAutomaticallyForDatabase (C:\Users\Victor\Desktop\IntegrateSystem-main\server\cash-register-control.ts:83:18)
      at autoCloseExpiredRegisters (C:\Users\Victor\Desktop\IntegrateSystem-main\server\cash-register-control.ts:116:15)
}
[CAIXA] Erro no fechamento automático: DrizzleError: Failed to run the query 'rollback'
    at SQLJsSession.run (C:\Users\Victor\Desktop\IntegrateSystem-main\node_modules\src\sqlite-core\session.ts:148:10)
    at SQLJsSession.transaction (C:\Users\Victor\Desktop\IntegrateSystem-main\node_modules\src\sql-js\session.ts:83:9)
    ... 2 lines matching cause stack trace ...
    at autoCloseExpiredRegisters (C:\Users\Victor\Desktop\IntegrateSystem-main\server\cash-register-control.ts:116:15) {
  cause: Error: cannot rollback - no transaction is active
      at e.handleError (C:\Users\Victor\Desktop\IntegrateSystem-main\node_modules\sql.js\dist\sql-wasm.js:90:226)
      at c.step (C:\Users\Victor\Desktop\IntegrateSystem-main\node_modules\sql.js\dist\sql-wasm.js:80:405)
      at c.run (C:\Users\Victor\Desktop\IntegrateSystem-main\node_modules\sql.js\dist\sql-wasm.js:83:87)
      at c.statement.run (C:\Users\Victor\Desktop\IntegrateSystem-main\server\local-sqlite-realtime-persistence.ts:52:24)
      at PreparedQuery.run (C:\Users\Victor\Desktop\IntegrateSystem-main\node_modules\src\sql-js\session.ts:131:28)
      at SQLJsSession.run (C:\Users\Victor\Desktop\IntegrateSystem-main\node_modules\src\sqlite-core\session.ts:146:74)
      at SQLJsSession.transaction (C:\Users\Victor\Desktop\IntegrateSystem-main\node_modules\src\sql-js\session.ts:83:9)
      at BaseSQLiteDatabase.transaction (C:\Users\Victor\Desktop\IntegrateSystem-main\node_modules\src\sqlite-core\db.ts:589:23)
      at closeAutomaticallyForDatabase (C:\Users\Victor\Desktop\IntegrateSystem-main\server\cash-register-control.ts:83:18)
      at autoCloseExpiredRegisters (C:\Users\Victor\Desktop\IntegrateSystem-main\server\cash-register-control.ts:116:15)
}
[CAIXA] Erro no fechamento automático: DrizzleError: Failed to run the query 'rollback'
    at SQLJsSession.run (C:\Users\Victor\Desktop\IntegrateSystem-main\node_modules\src\sqlite-core\session.ts:148:10)
    at SQLJsSession.transaction (C:\Users\Victor\Desktop\IntegrateSystem-main\node_modules\src\sql-js\session.ts:83:9)
    ... 2 lines matching cause stack trace ...
    at autoCloseExpiredRegisters (C:\Users\Victor\Desktop\IntegrateSystem-main\server\cash-register-control.ts:116:15) {
  cause: Error: cannot rollback - no transaction is active
      at e.handleError (C:\Users\Victor\Desktop\IntegrateSystem-main\node_modules\sql.js\dist\sql-wasm.js:90:226)
      at c.step (C:\Users\Victor\Desktop\IntegrateSystem-main\node_modules\sql.js\dist\sql-wasm.js:80:405)
      at c.run (C:\Users\Victor\Desktop\IntegrateSystem-main\node_modules\sql.js\dist\sql-wasm.js:83:87)
      at c.statement.run (C:\Users\Victor\Desktop\IntegrateSystem-main\server\local-sqlite-realtime-persistence.ts:52:24)
      at PreparedQuery.run (C:\Users\Victor\Desktop\IntegrateSystem-main\node_modules\src\sql-js\session.ts:131:28)
      at SQLJsSession.run (C:\Users\Victor\Desktop\IntegrateSystem-main\node_modules\src\sqlite-core\session.ts:146:74)
      at SQLJsSession.transaction (C:\Users\Victor\Desktop\IntegrateSystem-main\node_modules\src\sql-js\session.ts:83:9)
      at BaseSQLiteDatabase.transaction (C:\Users\Victor\Desktop\IntegrateSystem-main\node_modules\src\sqlite-core\db.ts:589:23)
      at closeAutomaticallyForDatabase (C:\Users\Victor\Desktop\IntegrateSystem-main\server\cash-register-control.ts:83:18)
      at autoCloseExpiredRegisters (C:\Users\Victor\Desktop\IntegrateSystem-main\server\cash-register-control.ts:116:15)
}
[CAIXA] Erro no fechamento automático: DrizzleError: Failed to run the query 'rollback'
    at SQLJsSession.run (C:\Users\Victor\Desktop\IntegrateSystem-main\node_modules\src\sqlite-core\session.ts:148:10)
    at SQLJsSession.transaction (C:\Users\Victor\Desktop\IntegrateSystem-main\node_modules\src\sql-js\session.ts:83:9)
    ... 2 lines matching cause stack trace ...
    at autoCloseExpiredRegisters (C:\Users\Victor\Desktop\IntegrateSystem-main\server\cash-register-control.ts:116:15) {
  cause: Error: cannot rollback - no transaction is active
      at e.handleError (C:\Users\Victor\Desktop\IntegrateSystem-main\node_modules\sql.js\dist\sql-wasm.js:90:226)
      at c.step (C:\Users\Victor\Desktop\IntegrateSystem-main\node_modules\sql.js\dist\sql-wasm.js:80:405)
      at c.run (C:\Users\Victor\Desktop\IntegrateSystem-main\node_modules\sql.js\dist\sql-wasm.js:83:87)
      at c.statement.run (C:\Users\Victor\Desktop\IntegrateSystem-main\server\local-sqlite-realtime-persistence.ts:52:24)
      at PreparedQuery.run (C:\Users\Victor\Desktop\IntegrateSystem-main\node_modules\src\sql-js\session.ts:131:28)
      at SQLJsSession.run (C:\Users\Victor\Desktop\IntegrateSystem-main\node_modules\src\sqlite-core\session.ts:146:74)
      at SQLJsSession.transaction (C:\Users\Victor\Desktop\IntegrateSystem-main\node_modules\src\sql-js\session.ts:83:9)
      at BaseSQLiteDatabase.transaction (C:\Users\Victor\Desktop\IntegrateSystem-main\node_modules\src\sqlite-core\db.ts:589:23)
      at closeAutomaticallyForDatabase (C:\Users\Victor\Desktop\IntegrateSystem-main\server\cash-register-control.ts:83:18)
      at autoCloseExpiredRegisters (C:\Users\Victor\Desktop\IntegrateSystem-main\server\cash-register-control.ts:116:15)
}
[CAIXA] Erro no fechamento automático: DrizzleError: Failed to run the query 'rollback'
    at SQLJsSession.run (C:\Users\Victor\Desktop\IntegrateSystem-main\node_modules\src\sqlite-core\session.ts:148:10)
    at SQLJsSession.transaction (C:\Users\Victor\Desktop\IntegrateSystem-main\node_modules\src\sql-js\session.ts:83:9)
    ... 2 lines matching cause stack trace ...
    at autoCloseExpiredRegisters (C:\Users\Victor\Desktop\IntegrateSystem-main\server\cash-register-control.ts:116:15) {
  cause: Error: cannot rollback - no transaction is active
      at e.handleError (C:\Users\Victor\Desktop\IntegrateSystem-main\node_modules\sql.js\dist\sql-wasm.js:90:226)
      at c.step (C:\Users\Victor\Desktop\IntegrateSystem-main\node_modules\sql.js\dist\sql-wasm.js:80:405)
      at c.run (C:\Users\Victor\Desktop\IntegrateSystem-main\node_modules\sql.js\dist\sql-wasm.js:83:87)
      at c.statement.run (C:\Users\Victor\Desktop\IntegrateSystem-main\server\local-sqlite-realtime-persistence.ts:52:24)
      at PreparedQuery.run (C:\Users\Victor\Desktop\IntegrateSystem-main\node_modules\src\sql-js\session.ts:131:28)
      at SQLJsSession.run (C:\Users\Victor\Desktop\IntegrateSystem-main\node_modules\src\sqlite-core\session.ts:146:74)
      at SQLJsSession.transaction (C:\Users\Victor\Desktop\IntegrateSystem-main\node_modules\src\sql-js\session.ts:83:9)
      at BaseSQLiteDatabase.transaction (C:\Users\Victor\Desktop\IntegrateSystem-main\node_modules\src\sqlite-core\db.ts:589:23)
      at closeAutomaticallyForDatabase (C:\Users\Victor\Desktop\IntegrateSystem-main\server\cash-register-control.ts:83:18)
      at autoCloseExpiredRegisters (C:\Users\Victor\Desktop\IntegrateSystem-main\server\cash-register-control.ts:116:15)
}
[CAIXA] Erro no fechamento automático: DrizzleError: Failed to run the query 'rollback'
    at SQLJsSession.run (C:\Users\Victor\Desktop\IntegrateSystem-main\node_modules\src\sqlite-core\session.ts:148:10)
    at SQLJsSession.transaction (C:\Users\Victor\Desktop\IntegrateSystem-main\node_modules\src\sql-js\session.ts:83:9)
    ... 2 lines matching cause stack trace ...
    at autoCloseExpiredRegisters (C:\Users\Victor\Desktop\IntegrateSystem-main\server\cash-register-control.ts:116:15) {
  cause: Error: cannot rollback - no transaction is active
      at e.handleError (C:\Users\Victor\Desktop\IntegrateSystem-main\node_modules\sql.js\dist\sql-wasm.js:90:226)
      at c.step (C:\Users\Victor\Desktop\IntegrateSystem-main\node_modules\sql.js\dist\sql-wasm.js:80:405)
      at c.run (C:\Users\Victor\Desktop\IntegrateSystem-main\node_modules\sql.js\dist\sql-wasm.js:83:87)
      at c.statement.run (C:\Users\Victor\Desktop\IntegrateSystem-main\server\local-sqlite-realtime-persistence.ts:52:24)
      at PreparedQuery.run (C:\Users\Victor\Desktop\IntegrateSystem-main\node_modules\src\sql-js\session.ts:131:28)
      at SQLJsSession.run (C:\Users\Victor\Desktop\IntegrateSystem-main\node_modules\src\sqlite-core\session.ts:146:74)
      at SQLJsSession.transaction (C:\Users\Victor\Desktop\IntegrateSystem-main\node_modules\src\sql-js\session.ts:83:9)
      at BaseSQLiteDatabase.transaction (C:\Users\Victor\Desktop\IntegrateSystem-main\node_modules\src\sqlite-core\db.ts:589:23)
      at closeAutomaticallyForDatabase (C:\Users\Victor\Desktop\IntegrateSystem-main\server\cash-register-control.ts:83:18)
      at autoCloseExpiredRegisters (C:\Users\Victor\Desktop\IntegrateSystem-main\server\cash-register-control.ts:116:15)
}
[CAIXA] Erro no fechamento automático: DrizzleError: Failed to run the query 'rollback'
    at SQLJsSession.run (C:\Users\Victor\Desktop\IntegrateSystem-main\node_modules\src\sqlite-core\session.ts:148:10)
    at SQLJsSession.transaction (C:\Users\Victor\Desktop\IntegrateSystem-main\node_modules\src\sql-js\session.ts:83:9)
    ... 2 lines matching cause stack trace ...
    at autoCloseExpiredRegisters (C:\Users\Victor\Desktop\IntegrateSystem-main\server\cash-register-control.ts:116:15) {
  cause: Error: cannot rollback - no transaction is active
      at e.handleError (C:\Users\Victor\Desktop\IntegrateSystem-main\node_modules\sql.js\dist\sql-wasm.js:90:226)
      at c.step (C:\Users\Victor\Desktop\IntegrateSystem-main\node_modules\sql.js\dist\sql-wasm.js:80:405)
      at c.run (C:\Users\Victor\Desktop\IntegrateSystem-main\node_modules\sql.js\dist\sql-wasm.js:83:87)
      at c.statement.run (C:\Users\Victor\Desktop\IntegrateSystem-main\server\local-sqlite-realtime-persistence.ts:52:24)
      at PreparedQuery.run (C:\Users\Victor\Desktop\IntegrateSystem-main\node_modules\src\sql-js\session.ts:131:28)
      at SQLJsSession.run (C:\Users\Victor\Desktop\IntegrateSystem-main\node_modules\src\sqlite-core\session.ts:146:74)
      at SQLJsSession.transaction (C:\Users\Victor\Desktop\IntegrateSystem-main\node_modules\src\sql-js\session.ts:83:9)
      at BaseSQLiteDatabase.transaction (C:\Users\Victor\Desktop\IntegrateSystem-main\node_modules\src\sqlite-core\db.ts:589:23)
      at closeAutomaticallyForDatabase (C:\Users\Victor\Desktop\IntegrateSystem-main\server\cash-register-control.ts:83:18)
      at autoCloseExpiredRegisters (C:\Users\Victor\Desktop\IntegrateSystem-main\server\cash-register-control.ts:116:15)
}
[CAIXA] Erro no fechamento automático: DrizzleError: Failed to run the query 'rollback'
    at SQLJsSession.run (C:\Users\Victor\Desktop\IntegrateSystem-main\node_modules\src\sqlite-core\session.ts:148:10)
    at SQLJsSession.transaction (C:\Users\Victor\Desktop\IntegrateSystem-main\node_modules\src\sql-js\session.ts:83:9)
    ... 2 lines matching cause stack trace ...
    at autoCloseExpiredRegisters (C:\Users\Victor\Desktop\IntegrateSystem-main\server\cash-register-control.ts:116:15) {
  cause: Error: cannot rollback - no transaction is active
      at e.handleError (C:\Users\Victor\Desktop\IntegrateSystem-main\node_modules\sql.js\dist\sql-wasm.js:90:226)
      at c.step (C:\Users\Victor\Desktop\IntegrateSystem-main\node_modules\sql.js\dist\sql-wasm.js:80:405)
      at c.run (C:\Users\Victor\Desktop\IntegrateSystem-main\node_modules\sql.js\dist\sql-wasm.js:83:87)
      at c.statement.run (C:\Users\Victor\Desktop\IntegrateSystem-main\server\local-sqlite-realtime-persistence.ts:52:24)
      at PreparedQuery.run (C:\Users\Victor\Desktop\IntegrateSystem-main\node_modules\src\sql-js\session.ts:131:28)
      at SQLJsSession.run (C:\Users\Victor\Desktop\IntegrateSystem-main\node_modules\src\sqlite-core\session.ts:146:74)
      at SQLJsSession.transaction (C:\Users\Victor\Desktop\IntegrateSystem-main\node_modules\src\sql-js\session.ts:83:9)
      at BaseSQLiteDatabase.transaction (C:\Users\Victor\Desktop\IntegrateSystem-main\node_modules\src\sqlite-core\db.ts:589:23)
      at closeAutomaticallyForDatabase (C:\Users\Victor\Desktop\IntegrateSystem-main\server\cash-register-control.ts:83:18)
      at autoCloseExpiredRegisters (C:\Users\Victor\Desktop\IntegrateSystem-main\server\cash-register-control.ts:116:15)
}
[CAIXA] Erro no fechamento automático: DrizzleError: Failed to run the query 'rollback'
    at SQLJsSession.run (C:\Users\Victor\Desktop\IntegrateSystem-main\node_modules\src\sqlite-core\session.ts:148:10)
    at SQLJsSession.transaction (C:\Users\Victor\Desktop\IntegrateSystem-main\node_modules\src\sql-js\session.ts:83:9)
    ... 2 lines matching cause stack trace ...
    at autoCloseExpiredRegisters (C:\Users\Victor\Desktop\IntegrateSystem-main\server\cash-register-control.ts:116:15) {
  cause: Error: cannot rollback - no transaction is active
      at e.handleError (C:\Users\Victor\Desktop\IntegrateSystem-main\node_modules\sql.js\dist\sql-wasm.js:90:226)
      at c.step (C:\Users\Victor\Desktop\IntegrateSystem-main\node_modules\sql.js\dist\sql-wasm.js:80:405)
      at c.run (C:\Users\Victor\Desktop\IntegrateSystem-main\node_modules\sql.js\dist\sql-wasm.js:83:87)
      at c.statement.run (C:\Users\Victor\Desktop\IntegrateSystem-main\server\local-sqlite-realtime-persistence.ts:52:24)
      at PreparedQuery.run (C:\Users\Victor\Desktop\IntegrateSystem-main\node_modules\src\sql-js\session.ts:131:28)
      at SQLJsSession.run (C:\Users\Victor\Desktop\IntegrateSystem-main\node_modules\src\sqlite-core\session.ts:146:74)
      at SQLJsSession.transaction (C:\Users\Victor\Desktop\IntegrateSystem-main\node_modules\src\sql-js\session.ts:83:9)
      at BaseSQLiteDatabase.transaction (C:\Users\Victor\Desktop\IntegrateSystem-main\node_modules\src\sqlite-core\db.ts:589:23)
      at closeAutomaticallyForDatabase (C:\Users\Victor\Desktop\IntegrateSystem-main\server\cash-register-control.ts:83:18)
      at autoCloseExpiredRegisters (C:\Users\Victor\Desktop\IntegrateSystem-main\server\cash-register-control.ts:116:15)
}
[CAIXA] Erro no fechamento automático: DrizzleError: Failed to run the query 'rollback'
    at SQLJsSession.run (C:\Users\Victor\Desktop\IntegrateSystem-main\node_modules\src\sqlite-core\session.ts:148:10)
    at SQLJsSession.transaction (C:\Users\Victor\Desktop\IntegrateSystem-main\node_modules\src\sql-js\session.ts:83:9)
    ... 2 lines matching cause stack trace ...
    at autoCloseExpiredRegisters (C:\Users\Victor\Desktop\IntegrateSystem-main\server\cash-register-control.ts:116:15) {
  cause: Error: cannot rollback - no transaction is active
      at e.handleError (C:\Users\Victor\Desktop\IntegrateSystem-main\node_modules\sql.js\dist\sql-wasm.js:90:226)
      at c.step (C:\Users\Victor\Desktop\IntegrateSystem-main\node_modules\sql.js\dist\sql-wasm.js:80:405)
      at c.run (C:\Users\Victor\Desktop\IntegrateSystem-main\node_modules\sql.js\dist\sql-wasm.js:83:87)
      at c.statement.run (C:\Users\Victor\Desktop\IntegrateSystem-main\server\local-sqlite-realtime-persistence.ts:52:24)
      at PreparedQuery.run (C:\Users\Victor\Desktop\IntegrateSystem-main\node_modules\src\sql-js\session.ts:131:28)
      at SQLJsSession.run (C:\Users\Victor\Desktop\IntegrateSystem-main\node_modules\src\sqlite-core\session.ts:146:74)
      at SQLJsSession.transaction (C:\Users\Victor\Desktop\IntegrateSystem-main\node_modules\src\sql-js\session.ts:83:9)
      at BaseSQLiteDatabase.transaction (C:\Users\Victor\Desktop\IntegrateSystem-main\node_modules\src\sqlite-core\db.ts:589:23)
      at closeAutomaticallyForDatabase (C:\Users\Victor\Desktop\IntegrateSystem-main\server\cash-register-control.ts:83:18)
      at autoCloseExpiredRegisters (C:\Users\Victor\Desktop\IntegrateSystem-main\server\cash-register-control.ts:116:15)
}
[CAIXA] Erro no fechamento automático: DrizzleError: Failed to run the query 'rollback'
    at SQLJsSession.run (C:\Users\Victor\Desktop\IntegrateSystem-main\node_modules\src\sqlite-core\session.ts:148:10)
    at SQLJsSession.transaction (C:\Users\Victor\Desktop\IntegrateSystem-main\node_modules\src\sql-js\session.ts:83:9)
    ... 2 lines matching cause stack trace ...
    at autoCloseExpiredRegisters (C:\Users\Victor\Desktop\IntegrateSystem-main\server\cash-register-control.ts:116:15) {
  cause: Error: cannot rollback - no transaction is active
      at e.handleError (C:\Users\Victor\Desktop\IntegrateSystem-main\node_modules\sql.js\dist\sql-wasm.js:90:226)
      at c.step (C:\Users\Victor\Desktop\IntegrateSystem-main\node_modules\sql.js\dist\sql-wasm.js:80:405)
      at c.run (C:\Users\Victor\Desktop\IntegrateSystem-main\node_modules\sql.js\dist\sql-wasm.js:83:87)
      at c.statement.run (C:\Users\Victor\Desktop\IntegrateSystem-main\server\local-sqlite-realtime-persistence.ts:52:24)
      at PreparedQuery.run (C:\Users\Victor\Desktop\IntegrateSystem-main\node_modules\src\sql-js\session.ts:131:28)
      at SQLJsSession.run (C:\Users\Victor\Desktop\IntegrateSystem-main\node_modules\src\sqlite-core\session.ts:146:74)
      at SQLJsSession.transaction (C:\Users\Victor\Desktop\IntegrateSystem-main\node_modules\src\sql-js\session.ts:83:9)
      at BaseSQLiteDatabase.transaction (C:\Users\Victor\Desktop\IntegrateSystem-main\node_modules\src\sqlite-core\db.ts:589:23)
      at closeAutomaticallyForDatabase (C:\Users\Victor\Desktop\IntegrateSystem-main\server\cash-register-control.ts:83:18)
      at autoCloseExpiredRegisters (C:\Users\Victor\Desktop\IntegrateSystem-main\server\cash-register-control.ts:116:15)
}
[CAIXA] Erro no fechamento automático: DrizzleError: Failed to run the query 'rollback'
    at SQLJsSession.run (C:\Users\Victor\Desktop\IntegrateSystem-main\node_modules\src\sqlite-core\session.ts:148:10)
    at SQLJsSession.transaction (C:\Users\Victor\Desktop\IntegrateSystem-main\node_modules\src\sql-js\session.ts:83:9)
    ... 2 lines matching cause stack trace ...
    at autoCloseExpiredRegisters (C:\Users\Victor\Desktop\IntegrateSystem-main\server\cash-register-control.ts:116:15) {
  cause: Error: cannot rollback - no transaction is active
      at e.handleError (C:\Users\Victor\Desktop\IntegrateSystem-main\node_modules\sql.js\dist\sql-wasm.js:90:226)
      at c.step (C:\Users\Victor\Desktop\IntegrateSystem-main\node_modules\sql.js\dist\sql-wasm.js:80:405)
      at c.run (C:\Users\Victor\Desktop\IntegrateSystem-main\node_modules\sql.js\dist\sql-wasm.js:83:87)
      at c.statement.run (C:\Users\Victor\Desktop\IntegrateSystem-main\server\local-sqlite-realtime-persistence.ts:52:24)
      at PreparedQuery.run (C:\Users\Victor\Desktop\IntegrateSystem-main\node_modules\src\sql-js\session.ts:131:28)
      at SQLJsSession.run (C:\Users\Victor\Desktop\IntegrateSystem-main\node_modules\src\sqlite-core\session.ts:146:74)
      at SQLJsSession.transaction (C:\Users\Victor\Desktop\IntegrateSystem-main\node_modules\src\sql-js\session.ts:83:9)
      at BaseSQLiteDatabase.transaction (C:\Users\Victor\Desktop\IntegrateSystem-main\node_modules\src\sqlite-core\db.ts:589:23)
      at closeAutomaticallyForDatabase (C:\Users\Victor\Desktop\IntegrateSystem-main\server\cash-register-control.ts:83:18)
      at autoCloseExpiredRegisters (C:\Users\Victor\Desktop\IntegrateSystem-main\server\cash-register-control.ts:116:15)
}
[CAIXA] Erro no fechamento automático: DrizzleError: Failed to run the query 'rollback'
    at SQLJsSession.run (C:\Users\Victor\Desktop\IntegrateSystem-main\node_modules\src\sqlite-core\session.ts:148:10)
    at SQLJsSession.transaction (C:\Users\Victor\Desktop\IntegrateSystem-main\node_modules\src\sql-js\session.ts:83:9)
    ... 2 lines matching cause stack trace ...
    at autoCloseExpiredRegisters (C:\Users\Victor\Desktop\IntegrateSystem-main\server\cash-register-control.ts:116:15) {
  cause: Error: cannot rollback - no transaction is active
      at e.handleError (C:\Users\Victor\Desktop\IntegrateSystem-main\node_modules\sql.js\dist\sql-wasm.js:90:226)
      at c.step (C:\Users\Victor\Desktop\IntegrateSystem-main\node_modules\sql.js\dist\sql-wasm.js:80:405)
      at c.run (C:\Users\Victor\Desktop\IntegrateSystem-main\node_modules\sql.js\dist\sql-wasm.js:83:87)
      at c.statement.run (C:\Users\Victor\Desktop\IntegrateSystem-main\server\local-sqlite-realtime-persistence.ts:52:24)
      at PreparedQuery.run (C:\Users\Victor\Desktop\IntegrateSystem-main\node_modules\src\sql-js\session.ts:131:28)
      at SQLJsSession.run (C:\Users\Victor\Desktop\IntegrateSystem-main\node_modules\src\sqlite-core\session.ts:146:74)
      at SQLJsSession.transaction (C:\Users\Victor\Desktop\IntegrateSystem-main\node_modules\src\sql-js\session.ts:83:9)
      at BaseSQLiteDatabase.transaction (C:\Users\Victor\Desktop\IntegrateSystem-main\node_modules\src\sqlite-core\db.ts:589:23)
      at closeAutomaticallyForDatabase (C:\Users\Victor\Desktop\IntegrateSystem-main\server\cash-register-control.ts:83:18)
      at autoCloseExpiredRegisters (C:\Users\Victor\Desktop\IntegrateSystem-main\server\cash-register-control.ts:116:15)
}
[CAIXA] Erro no fechamento automático: DrizzleError: Failed to run the query 'rollback'
    at SQLJsSession.run (C:\Users\Victor\Desktop\IntegrateSystem-main\node_modules\src\sqlite-core\session.ts:148:10)
    at SQLJsSession.transaction (C:\Users\Victor\Desktop\IntegrateSystem-main\node_modules\src\sql-js\session.ts:83:9)
    ... 2 lines matching cause stack trace ...
    at autoCloseExpiredRegisters (C:\Users\Victor\Desktop\IntegrateSystem-main\server\cash-register-control.ts:116:15) {
  cause: Error: cannot rollback - no transaction is active
      at e.handleError (C:\Users\Victor\Desktop\IntegrateSystem-main\node_modules\sql.js\dist\sql-wasm.js:90:226)
      at c.step (C:\Users\Victor\Desktop\IntegrateSystem-main\node_modules\sql.js\dist\sql-wasm.js:80:405)
      at c.run (C:\Users\Victor\Desktop\IntegrateSystem-main\node_modules\sql.js\dist\sql-wasm.js:83:87)
      at c.statement.run (C:\Users\Victor\Desktop\IntegrateSystem-main\server\local-sqlite-realtime-persistence.ts:52:24)
      at PreparedQuery.run (C:\Users\Victor\Desktop\IntegrateSystem-main\node_modules\src\sql-js\session.ts:131:28)
      at SQLJsSession.run (C:\Users\Victor\Desktop\IntegrateSystem-main\node_modules\src\sqlite-core\session.ts:146:74)
      at SQLJsSession.transaction (C:\Users\Victor\Desktop\IntegrateSystem-main\node_modules\src\sql-js\session.ts:83:9)
      at BaseSQLiteDatabase.transaction (C:\Users\Victor\Desktop\IntegrateSystem-main\node_modules\src\sqlite-core\db.ts:589:23)
      at closeAutomaticallyForDatabase (C:\Users\Victor\Desktop\IntegrateSystem-main\server\cash-register-control.ts:83:18)
      at autoCloseExpiredRegisters (C:\Users\Victor\Desktop\IntegrateSystem-main\server\cash-register-control.ts:116:15)
}
[CAIXA] Erro no fechamento automático: DrizzleError: Failed to run the query 'rollback'
    at SQLJsSession.run (C:\Users\Victor\Desktop\IntegrateSystem-main\node_modules\src\sqlite-core\session.ts:148:10)
    at SQLJsSession.transaction (C:\Users\Victor\Desktop\IntegrateSystem-main\node_modules\src\sql-js\session.ts:83:9)
    ... 2 lines matching cause stack trace ...
    at autoCloseExpiredRegisters (C:\Users\Victor\Desktop\IntegrateSystem-main\server\cash-register-control.ts:116:15) {
  cause: Error: cannot rollback - no transaction is active
      at e.handleError (C:\Users\Victor\Desktop\IntegrateSystem-main\node_modules\sql.js\dist\sql-wasm.js:90:226)
      at c.step (C:\Users\Victor\Desktop\IntegrateSystem-main\node_modules\sql.js\dist\sql-wasm.js:80:405)
      at c.run (C:\Users\Victor\Desktop\IntegrateSystem-main\node_modules\sql.js\dist\sql-wasm.js:83:87)
      at c.statement.run (C:\Users\Victor\Desktop\IntegrateSystem-main\server\local-sqlite-realtime-persistence.ts:52:24)
      at PreparedQuery.run (C:\Users\Victor\Desktop\IntegrateSystem-main\node_modules\src\sql-js\session.ts:131:28)
      at SQLJsSession.run (C:\Users\Victor\Desktop\IntegrateSystem-main\node_modules\src\sqlite-core\session.ts:146:74)
      at SQLJsSession.transaction (C:\Users\Victor\Desktop\IntegrateSystem-main\node_modules\src\sql-js\session.ts:83:9)
      at BaseSQLiteDatabase.transaction (C:\Users\Victor\Desktop\IntegrateSystem-main\node_modules\src\sqlite-core\db.ts:589:23)
      at closeAutomaticallyForDatabase (C:\Users\Victor\Desktop\IntegrateSystem-main\server\cash-register-control.ts:83:18)
      at autoCloseExpiredRegisters (C:\Users\Victor\Desktop\IntegrateSystem-main\server\cash-register-control.ts:116:15)
}
[CAIXA] Erro no fechamento automático: DrizzleError: Failed to run the query 'rollback'
    at SQLJsSession.run (C:\Users\Victor\Desktop\IntegrateSystem-main\node_modules\src\sqlite-core\session.ts:148:10)
    at SQLJsSession.transaction (C:\Users\Victor\Desktop\IntegrateSystem-main\node_modules\src\sql-js\session.ts:83:9)
    ... 2 lines matching cause stack trace ...
    at autoCloseExpiredRegisters (C:\Users\Victor\Desktop\IntegrateSystem-main\server\cash-register-control.ts:116:15) {
  cause: Error: cannot rollback - no transaction is active
      at e.handleError (C:\Users\Victor\Desktop\IntegrateSystem-main\node_modules\sql.js\dist\sql-wasm.js:90:226)
      at c.step (C:\Users\Victor\Desktop\IntegrateSystem-main\node_modules\sql.js\dist\sql-wasm.js:80:405)
      at c.run (C:\Users\Victor\Desktop\IntegrateSystem-main\node_modules\sql.js\dist\sql-wasm.js:83:87)
      at c.statement.run (C:\Users\Victor\Desktop\IntegrateSystem-main\server\local-sqlite-realtime-persistence.ts:52:24)
      at PreparedQuery.run (C:\Users\Victor\Desktop\IntegrateSystem-main\node_modules\src\sql-js\session.ts:131:28)
      at SQLJsSession.run (C:\Users\Victor\Desktop\IntegrateSystem-main\node_modules\src\sqlite-core\session.ts:146:74)
      at SQLJsSession.transaction (C:\Users\Victor\Desktop\IntegrateSystem-main\node_modules\src\sql-js\session.ts:83:9)
      at BaseSQLiteDatabase.transaction (C:\Users\Victor\Desktop\IntegrateSystem-main\node_modules\src\sqlite-core\db.ts:589:23)
      at closeAutomaticallyForDatabase (C:\Users\Victor\Desktop\IntegrateSystem-main\server\cash-register-control.ts:83:18)
      at autoCloseExpiredRegisters (C:\Users\Victor\Desktop\IntegrateSystem-main\server\cash-register-control.ts:116:15)
}
[CAIXA] Erro no fechamento automático: DrizzleError: Failed to run the query 'rollback'
    at SQLJsSession.run (C:\Users\Victor\Desktop\IntegrateSystem-main\node_modules\src\sqlite-core\session.ts:148:10)
    at SQLJsSession.transaction (C:\Users\Victor\Desktop\IntegrateSystem-main\node_modules\src\sql-js\session.ts:83:9)
    ... 2 lines matching cause stack trace ...
    at autoCloseExpiredRegisters (C:\Users\Victor\Desktop\IntegrateSystem-main\server\cash-register-control.ts:116:15) {
  cause: Error: cannot rollback - no transaction is active
      at e.handleError (C:\Users\Victor\Desktop\IntegrateSystem-main\node_modules\sql.js\dist\sql-wasm.js:90:226)
      at c.step (C:\Users\Victor\Desktop\IntegrateSystem-main\node_modules\sql.js\dist\sql-wasm.js:80:405)
      at c.run (C:\Users\Victor\Desktop\IntegrateSystem-main\node_modules\sql.js\dist\sql-wasm.js:83:87)
      at c.statement.run (C:\Users\Victor\Desktop\IntegrateSystem-main\server\local-sqlite-realtime-persistence.ts:52:24)
      at PreparedQuery.run (C:\Users\Victor\Desktop\IntegrateSystem-main\node_modules\src\sql-js\session.ts:131:28)
      at SQLJsSession.run (C:\Users\Victor\Desktop\IntegrateSystem-main\node_modules\src\sqlite-core\session.ts:146:74)
      at SQLJsSession.transaction (C:\Users\Victor\Desktop\IntegrateSystem-main\node_modules\src\sql-js\session.ts:83:9)
      at BaseSQLiteDatabase.transaction (C:\Users\Victor\Desktop\IntegrateSystem-main\node_modules\src\sqlite-core\db.ts:589:23)
      at closeAutomaticallyForDatabase (C:\Users\Victor\Desktop\IntegrateSystem-main\server\cash-register-control.ts:83:18)
      at autoCloseExpiredRegisters (C:\Users\Victor\Desktop\IntegrateSystem-main\server\cash-register-control.ts:116:15)
}
[CAIXA] Erro no fechamento automático: DrizzleError: Failed to run the query 'rollback'
    at SQLJsSession.run (C:\Users\Victor\Desktop\IntegrateSystem-main\node_modules\src\sqlite-core\session.ts:148:10)
    at SQLJsSession.transaction (C:\Users\Victor\Desktop\IntegrateSystem-main\node_modules\src\sql-js\session.ts:83:9)
    ... 2 lines matching cause stack trace ...
    at autoCloseExpiredRegisters (C:\Users\Victor\Desktop\IntegrateSystem-main\server\cash-register-control.ts:116:15) {
  cause: Error: cannot rollback - no transaction is active
      at e.handleError (C:\Users\Victor\Desktop\IntegrateSystem-main\node_modules\sql.js\dist\sql-wasm.js:90:226)
      at c.step (C:\Users\Victor\Desktop\IntegrateSystem-main\node_modules\sql.js\dist\sql-wasm.js:80:405)
      at c.run (C:\Users\Victor\Desktop\IntegrateSystem-main\node_modules\sql.js\dist\sql-wasm.js:83:87)
      at c.statement.run (C:\Users\Victor\Desktop\IntegrateSystem-main\server\local-sqlite-realtime-persistence.ts:52:24)
      at PreparedQuery.run (C:\Users\Victor\Desktop\IntegrateSystem-main\node_modules\src\sql-js\session.ts:131:28)
      at SQLJsSession.run (C:\Users\Victor\Desktop\IntegrateSystem-main\node_modules\src\sqlite-core\session.ts:146:74)
      at SQLJsSession.transaction (C:\Users\Victor\Desktop\IntegrateSystem-main\node_modules\src\sql-js\session.ts:83:9)
      at BaseSQLiteDatabase.transaction (C:\Users\Victor\Desktop\IntegrateSystem-main\node_modules\src\sqlite-core\db.ts:589:23)
      at closeAutomaticallyForDatabase (C:\Users\Victor\Desktop\IntegrateSystem-main\server\cash-register-control.ts:83:18)
      at autoCloseExpiredRegisters (C:\Users\Victor\Desktop\IntegrateSystem-main\server\cash-register-control.ts:116:15)
}
[CAIXA] Erro no fechamento automático: DrizzleError: Failed to run the query 'rollback'
    at SQLJsSession.run (C:\Users\Victor\Desktop\IntegrateSystem-main\node_modules\src\sqlite-core\session.ts:148:10)
    at SQLJsSession.transaction (C:\Users\Victor\Desktop\IntegrateSystem-main\node_modules\src\sql-js\session.ts:83:9)
    ... 2 lines matching cause stack trace ...
    at autoCloseExpiredRegisters (C:\Users\Victor\Desktop\IntegrateSystem-main\server\cash-register-control.ts:116:15) {
  cause: Error: cannot rollback - no transaction is active
      at e.handleError (C:\Users\Victor\Desktop\IntegrateSystem-main\node_modules\sql.js\dist\sql-wasm.js:90:226)
      at c.step (C:\Users\Victor\Desktop\IntegrateSystem-main\node_modules\sql.js\dist\sql-wasm.js:80:405)
      at c.run (C:\Users\Victor\Desktop\IntegrateSystem-main\node_modules\sql.js\dist\sql-wasm.js:83:87)
      at c.statement.run (C:\Users\Victor\Desktop\IntegrateSystem-main\server\local-sqlite-realtime-persistence.ts:52:24)
      at PreparedQuery.run (C:\Users\Victor\Desktop\IntegrateSystem-main\node_modules\src\sql-js\session.ts:131:28)
      at SQLJsSession.run (C:\Users\Victor\Desktop\IntegrateSystem-main\node_modules\src\sqlite-core\session.ts:146:74)
      at SQLJsSession.transaction (C:\Users\Victor\Desktop\IntegrateSystem-main\node_modules\src\sql-js\session.ts:83:9)
      at BaseSQLiteDatabase.transaction (C:\Users\Victor\Desktop\IntegrateSystem-main\node_modules\src\sqlite-core\db.ts:589:23)
      at closeAutomaticallyForDatabase (C:\Users\Victor\Desktop\IntegrateSystem-main\server\cash-register-control.ts:83:18)
      at autoCloseExpiredRegisters (C:\Users\Victor\Desktop\IntegrateSystem-main\server\cash-register-control.ts:116:15)
}
[CAIXA] Erro no fechamento automático: DrizzleError: Failed to run the query 'rollback'
    at SQLJsSession.run (C:\Users\Victor\Desktop\IntegrateSystem-main\node_modules\src\sqlite-core\session.ts:148:10)
    at SQLJsSession.transaction (C:\Users\Victor\Desktop\IntegrateSystem-main\node_modules\src\sql-js\session.ts:83:9)
    ... 2 lines matching cause stack trace ...
    at autoCloseExpiredRegisters (C:\Users\Victor\Desktop\IntegrateSystem-main\server\cash-register-control.ts:116:15) {
  cause: Error: cannot rollback - no transaction is active
      at e.handleError (C:\Users\Victor\Desktop\IntegrateSystem-main\node_modules\sql.js\dist\sql-wasm.js:90:226)
      at c.step (C:\Users\Victor\Desktop\IntegrateSystem-main\node_modules\sql.js\dist\sql-wasm.js:80:405)
      at c.run (C:\Users\Victor\Desktop\IntegrateSystem-main\node_modules\sql.js\dist\sql-wasm.js:83:87)
      at c.statement.run (C:\Users\Victor\Desktop\IntegrateSystem-main\server\local-sqlite-realtime-persistence.ts:52:24)
      at PreparedQuery.run (C:\Users\Victor\Desktop\IntegrateSystem-main\node_modules\src\sql-js\session.ts:131:28)
      at SQLJsSession.run (C:\Users\Victor\Desktop\IntegrateSystem-main\node_modules\src\sqlite-core\session.ts:146:74)
      at SQLJsSession.transaction (C:\Users\Victor\Desktop\IntegrateSystem-main\node_modules\src\sql-js\session.ts:83:9)
      at BaseSQLiteDatabase.transaction (C:\Users\Victor\Desktop\IntegrateSystem-main\node_modules\src\sqlite-core\db.ts:589:23)
      at closeAutomaticallyForDatabase (C:\Users\Victor\Desktop\IntegrateSystem-main\server\cash-register-control.ts:83:18)
      at autoCloseExpiredRegisters (C:\Users\Victor\Desktop\IntegrateSystem-main\server\cash-register-control.ts:116:15)
}
[CAIXA] Erro no fechamento automático: DrizzleError: Failed to run the query 'rollback'
    at SQLJsSession.run (C:\Users\Victor\Desktop\IntegrateSystem-main\node_modules\src\sqlite-core\session.ts:148:10)
    at SQLJsSession.transaction (C:\Users\Victor\Desktop\IntegrateSystem-main\node_modules\src\sql-js\session.ts:83:9)
    ... 2 lines matching cause stack trace ...
    at autoCloseExpiredRegisters (C:\Users\Victor\Desktop\IntegrateSystem-main\server\cash-register-control.ts:116:15) {
  cause: Error: cannot rollback - no transaction is active
      at e.handleError (C:\Users\Victor\Desktop\IntegrateSystem-main\node_modules\sql.js\dist\sql-wasm.js:90:226)
      at c.step (C:\Users\Victor\Desktop\IntegrateSystem-main\node_modules\sql.js\dist\sql-wasm.js:80:405)
      at c.run (C:\Users\Victor\Desktop\IntegrateSystem-main\node_modules\sql.js\dist\sql-wasm.js:83:87)
      at c.statement.run (C:\Users\Victor\Desktop\IntegrateSystem-main\server\local-sqlite-realtime-persistence.ts:52:24)
      at PreparedQuery.run (C:\Users\Victor\Desktop\IntegrateSystem-main\node_modules\src\sql-js\session.ts:131:28)
      at SQLJsSession.run (C:\Users\Victor\Desktop\IntegrateSystem-main\node_modules\src\sqlite-core\session.ts:146:74)
      at SQLJsSession.transaction (C:\Users\Victor\Desktop\IntegrateSystem-main\node_modules\src\sql-js\session.ts:83:9)
      at BaseSQLiteDatabase.transaction (C:\Users\Victor\Desktop\IntegrateSystem-main\node_modules\src\sqlite-core\db.ts:589:23)
      at closeAutomaticallyForDatabase (C:\Users\Victor\Desktop\IntegrateSystem-main\server\cash-register-control.ts:83:18)
      at autoCloseExpiredRegisters (C:\Users\Victor\Desktop\IntegrateSystem-main\server\cash-register-control.ts:116:15)
}
[CAIXA] Erro no fechamento automático: DrizzleError: Failed to run the query 'rollback'
    at SQLJsSession.run (C:\Users\Victor\Desktop\IntegrateSystem-main\node_modules\src\sqlite-core\session.ts:148:10)
    at SQLJsSession.transaction (C:\Users\Victor\Desktop\IntegrateSystem-main\node_modules\src\sql-js\session.ts:83:9)
    ... 2 lines matching cause stack trace ...
    at autoCloseExpiredRegisters (C:\Users\Victor\Desktop\IntegrateSystem-main\server\cash-register-control.ts:116:15) {
  cause: Error: cannot rollback - no transaction is active
      at e.handleError (C:\Users\Victor\Desktop\IntegrateSystem-main\node_modules\sql.js\dist\sql-wasm.js:90:226)
      at c.step (C:\Users\Victor\Desktop\IntegrateSystem-main\node_modules\sql.js\dist\sql-wasm.js:80:405)
      at c.run (C:\Users\Victor\Desktop\IntegrateSystem-main\node_modules\sql.js\dist\sql-wasm.js:83:87)
      at c.statement.run (C:\Users\Victor\Desktop\IntegrateSystem-main\server\local-sqlite-realtime-persistence.ts:52:24)
      at PreparedQuery.run (C:\Users\Victor\Desktop\IntegrateSystem-main\node_modules\src\sql-js\session.ts:131:28)
      at SQLJsSession.run (C:\Users\Victor\Desktop\IntegrateSystem-main\node_modules\src\sqlite-core\session.ts:146:74)
      at SQLJsSession.transaction (C:\Users\Victor\Desktop\IntegrateSystem-main\node_modules\src\sql-js\session.ts:83:9)
      at BaseSQLiteDatabase.transaction (C:\Users\Victor\Desktop\IntegrateSystem-main\node_modules\src\sqlite-core\db.ts:589:23)
      at closeAutomaticallyForDatabase (C:\Users\Victor\Desktop\IntegrateSystem-main\server\cash-register-control.ts:83:18)
      at autoCloseExpiredRegisters (C:\Users\Victor\Desktop\IntegrateSystem-main\server\cash-register-control.ts:116:15)
}
[CAIXA] Erro no fechamento automático: DrizzleError: Failed to run the query 'rollback'
    at SQLJsSession.run (C:\Users\Victor\Desktop\IntegrateSystem-main\node_modules\src\sqlite-core\session.ts:148:10)
    at SQLJsSession.transaction (C:\Users\Victor\Desktop\IntegrateSystem-main\node_modules\src\sql-js\session.ts:83:9)
    ... 2 lines matching cause stack trace ...
    at autoCloseExpiredRegisters (C:\Users\Victor\Desktop\IntegrateSystem-main\server\cash-register-control.ts:116:15) {
  cause: Error: cannot rollback - no transaction is active
      at e.handleError (C:\Users\Victor\Desktop\IntegrateSystem-main\node_modules\sql.js\dist\sql-wasm.js:90:226)
      at c.step (C:\Users\Victor\Desktop\IntegrateSystem-main\node_modules\sql.js\dist\sql-wasm.js:80:405)
      at c.run (C:\Users\Victor\Desktop\IntegrateSystem-main\node_modules\sql.js\dist\sql-wasm.js:83:87)
      at c.statement.run (C:\Users\Victor\Desktop\IntegrateSystem-main\server\local-sqlite-realtime-persistence.ts:52:24)
      at PreparedQuery.run (C:\Users\Victor\Desktop\IntegrateSystem-main\node_modules\src\sql-js\session.ts:131:28)
      at SQLJsSession.run (C:\Users\Victor\Desktop\IntegrateSystem-main\node_modules\src\sqlite-core\session.ts:146:74)
      at SQLJsSession.transaction (C:\Users\Victor\Desktop\IntegrateSystem-main\node_modules\src\sql-js\session.ts:83:9)
      at BaseSQLiteDatabase.transaction (C:\Users\Victor\Desktop\IntegrateSystem-main\node_modules\src\sqlite-core\db.ts:589:23)
      at closeAutomaticallyForDatabase (C:\Users\Victor\Desktop\IntegrateSystem-main\server\cash-register-control.ts:83:18)
      at autoCloseExpiredRegisters (C:\Users\Victor\Desktop\IntegrateSystem-main\server\cash-register-control.ts:116:15)
}
[CAIXA] Erro no fechamento automático: DrizzleError: Failed to run the query 'rollback'
    at SQLJsSession.run (C:\Users\Victor\Desktop\IntegrateSystem-main\node_modules\src\sqlite-core\session.ts:148:10)
    at SQLJsSession.transaction (C:\Users\Victor\Desktop\IntegrateSystem-main\node_modules\src\sql-js\session.ts:83:9)
    ... 2 lines matching cause stack trace ...
    at autoCloseExpiredRegisters (C:\Users\Victor\Desktop\IntegrateSystem-main\server\cash-register-control.ts:116:15) {
  cause: Error: cannot rollback - no transaction is active
      at e.handleError (C:\Users\Victor\Desktop\IntegrateSystem-main\node_modules\sql.js\dist\sql-wasm.js:90:226)
      at c.step (C:\Users\Victor\Desktop\IntegrateSystem-main\node_modules\sql.js\dist\sql-wasm.js:80:405)
      at c.run (C:\Users\Victor\Desktop\IntegrateSystem-main\node_modules\sql.js\dist\sql-wasm.js:83:87)
      at c.statement.run (C:\Users\Victor\Desktop\IntegrateSystem-main\server\local-sqlite-realtime-persistence.ts:52:24)
      at PreparedQuery.run (C:\Users\Victor\Desktop\IntegrateSystem-main\node_modules\src\sql-js\session.ts:131:28)
      at SQLJsSession.run (C:\Users\Victor\Desktop\IntegrateSystem-main\node_modules\src\sqlite-core\session.ts:146:74)
      at SQLJsSession.transaction (C:\Users\Victor\Desktop\IntegrateSystem-main\node_modules\src\sql-js\session.ts:83:9)
      at BaseSQLiteDatabase.transaction (C:\Users\Victor\Desktop\IntegrateSystem-main\node_modules\src\sqlite-core\db.ts:589:23)
      at closeAutomaticallyForDatabase (C:\Users\Victor\Desktop\IntegrateSystem-main\server\cash-register-control.ts:83:18)
      at autoCloseExpiredRegisters (C:\Users\Victor\Desktop\IntegrateSystem-main\server\cash-register-control.ts:116:15)
}
[CAIXA] Erro no fechamento automático: DrizzleError: Failed to run the query 'rollback'
    at SQLJsSession.run (C:\Users\Victor\Desktop\IntegrateSystem-main\node_modules\src\sqlite-core\session.ts:148:10)
    at SQLJsSession.transaction (C:\Users\Victor\Desktop\IntegrateSystem-main\node_modules\src\sql-js\session.ts:83:9)
    ... 2 lines matching cause stack trace ...
    at autoCloseExpiredRegisters (C:\Users\Victor\Desktop\IntegrateSystem-main\server\cash-register-control.ts:116:15) {
  cause: Error: cannot rollback - no transaction is active
      at e.handleError (C:\Users\Victor\Desktop\IntegrateSystem-main\node_modules\sql.js\dist\sql-wasm.js:90:226)
      at c.step (C:\Users\Victor\Desktop\IntegrateSystem-main\node_modules\sql.js\dist\sql-wasm.js:80:405)
      at c.run (C:\Users\Victor\Desktop\IntegrateSystem-main\node_modules\sql.js\dist\sql-wasm.js:83:87)
      at c.statement.run (C:\Users\Victor\Desktop\IntegrateSystem-main\server\local-sqlite-realtime-persistence.ts:52:24)
      at PreparedQuery.run (C:\Users\Victor\Desktop\IntegrateSystem-main\node_modules\src\sql-js\session.ts:131:28)
      at SQLJsSession.run (C:\Users\Victor\Desktop\IntegrateSystem-main\node_modules\src\sqlite-core\session.ts:146:74)
      at SQLJsSession.transaction (C:\Users\Victor\Desktop\IntegrateSystem-main\node_modules\src\sql-js\session.ts:83:9)
      at BaseSQLiteDatabase.transaction (C:\Users\Victor\Desktop\IntegrateSystem-main\node_modules\src\sqlite-core\db.ts:589:23)
      at closeAutomaticallyForDatabase (C:\Users\Victor\Desktop\IntegrateSystem-main\server\cash-register-control.ts:83:18)
      at autoCloseExpiredRegisters (C:\Users\Victor\Desktop\IntegrateSystem-main\server\cash-register-control.ts:116:15)
}
[CAIXA] Erro no fechamento automático: DrizzleError: Failed to run the query 'rollback'
    at SQLJsSession.run (C:\Users\Victor\Desktop\IntegrateSystem-main\node_modules\src\sqlite-core\session.ts:148:10)
    at SQLJsSession.transaction (C:\Users\Victor\Desktop\IntegrateSystem-main\node_modules\src\sql-js\session.ts:83:9)
    ... 2 lines matching cause stack trace ...
    at autoCloseExpiredRegisters (C:\Users\Victor\Desktop\IntegrateSystem-main\server\cash-register-control.ts:116:15) {
  cause: Error: cannot rollback - no transaction is active
      at e.handleError (C:\Users\Victor\Desktop\IntegrateSystem-main\node_modules\sql.js\dist\sql-wasm.js:90:226)
      at c.step (C:\Users\Victor\Desktop\IntegrateSystem-main\node_modules\sql.js\dist\sql-wasm.js:80:405)
      at c.run (C:\Users\Victor\Desktop\IntegrateSystem-main\node_modules\sql.js\dist\sql-wasm.js:83:87)
      at c.statement.run (C:\Users\Victor\Desktop\IntegrateSystem-main\server\local-sqlite-realtime-persistence.ts:52:24)
      at PreparedQuery.run (C:\Users\Victor\Desktop\IntegrateSystem-main\node_modules\src\sql-js\session.ts:131:28)
      at SQLJsSession.run (C:\Users\Victor\Desktop\IntegrateSystem-main\node_modules\src\sqlite-core\session.ts:146:74)
      at SQLJsSession.transaction (C:\Users\Victor\Desktop\IntegrateSystem-main\node_modules\src\sql-js\session.ts:83:9)
      at BaseSQLiteDatabase.transaction (C:\Users\Victor\Desktop\IntegrateSystem-main\node_modules\src\sqlite-core\db.ts:589:23)
      at closeAutomaticallyForDatabase (C:\Users\Victor\Desktop\IntegrateSystem-main\server\cash-register-control.ts:83:18)
      at autoCloseExpiredRegisters (C:\Users\Victor\Desktop\IntegrateSystem-main\server\cash-register-control.ts:116:15)
}
[CAIXA] Erro no fechamento automático: DrizzleError: Failed to run the query 'rollback'
    at SQLJsSession.run (C:\Users\Victor\Desktop\IntegrateSystem-main\node_modules\src\sqlite-core\session.ts:148:10)
    at SQLJsSession.transaction (C:\Users\Victor\Desktop\IntegrateSystem-main\node_modules\src\sql-js\session.ts:83:9)
    ... 2 lines matching cause stack trace ...
    at autoCloseExpiredRegisters (C:\Users\Victor\Desktop\IntegrateSystem-main\server\cash-register-control.ts:116:15) {
  cause: Error: cannot rollback - no transaction is active
      at e.handleError (C:\Users\Victor\Desktop\IntegrateSystem-main\node_modules\sql.js\dist\sql-wasm.js:90:226)
      at c.step (C:\Users\Victor\Desktop\IntegrateSystem-main\node_modules\sql.js\dist\sql-wasm.js:80:405)
      at c.run (C:\Users\Victor\Desktop\IntegrateSystem-main\node_modules\sql.js\dist\sql-wasm.js:83:87)
      at c.statement.run (C:\Users\Victor\Desktop\IntegrateSystem-main\server\local-sqlite-realtime-persistence.ts:52:24)
      at PreparedQuery.run (C:\Users\Victor\Desktop\IntegrateSystem-main\node_modules\src\sql-js\session.ts:131:28)
      at SQLJsSession.run (C:\Users\Victor\Desktop\IntegrateSystem-main\node_modules\src\sqlite-core\session.ts:146:74)
      at SQLJsSession.transaction (C:\Users\Victor\Desktop\IntegrateSystem-main\node_modules\src\sql-js\session.ts:83:9)
      at BaseSQLiteDatabase.transaction (C:\Users\Victor\Desktop\IntegrateSystem-main\node_modules\src\sqlite-core\db.ts:589:23)
      at closeAutomaticallyForDatabase (C:\Users\Victor\Desktop\IntegrateSystem-main\server\cash-register-control.ts:83:18)
      at autoCloseExpiredRegisters (C:\Users\Victor\Desktop\IntegrateSystem-main\server\cash-register-control.ts:116:15)
}
[CAIXA] Erro no fechamento automático: DrizzleError: Failed to run the query 'rollback'
    at SQLJsSession.run (C:\Users\Victor\Desktop\IntegrateSystem-main\node_modules\src\sqlite-core\session.ts:148:10)
    at SQLJsSession.transaction (C:\Users\Victor\Desktop\IntegrateSystem-main\node_modules\src\sql-js\session.ts:83:9)
    ... 2 lines matching cause stack trace ...
    at autoCloseExpiredRegisters (C:\Users\Victor\Desktop\IntegrateSystem-main\server\cash-register-control.ts:116:15) {
  cause: Error: cannot rollback - no transaction is active
      at e.handleError (C:\Users\Victor\Desktop\IntegrateSystem-main\node_modules\sql.js\dist\sql-wasm.js:90:226)
      at c.step (C:\Users\Victor\Desktop\IntegrateSystem-main\node_modules\sql.js\dist\sql-wasm.js:80:405)
      at c.run (C:\Users\Victor\Desktop\IntegrateSystem-main\node_modules\sql.js\dist\sql-wasm.js:83:87)
      at c.statement.run (C:\Users\Victor\Desktop\IntegrateSystem-main\server\local-sqlite-realtime-persistence.ts:52:24)
      at PreparedQuery.run (C:\Users\Victor\Desktop\IntegrateSystem-main\node_modules\src\sql-js\session.ts:131:28)
      at SQLJsSession.run (C:\Users\Victor\Desktop\IntegrateSystem-main\node_modules\src\sqlite-core\session.ts:146:74)
      at SQLJsSession.transaction (C:\Users\Victor\Desktop\IntegrateSystem-main\node_modules\src\sql-js\session.ts:83:9)
      at BaseSQLiteDatabase.transaction (C:\Users\Victor\Desktop\IntegrateSystem-main\node_modules\src\sqlite-core\db.ts:589:23)
      at closeAutomaticallyForDatabase (C:\Users\Victor\Desktop\IntegrateSystem-main\server\cash-register-control.ts:83:18)
      at autoCloseExpiredRegisters (C:\Users\Victor\Desktop\IntegrateSystem-main\server\cash-register-control.ts:116:15)
}
[CAIXA] Erro no fechamento automático: DrizzleError: Failed to run the query 'rollback'
    at SQLJsSession.run (C:\Users\Victor\Desktop\IntegrateSystem-main\node_modules\src\sqlite-core\session.ts:148:10)
    at SQLJsSession.transaction (C:\Users\Victor\Desktop\IntegrateSystem-main\node_modules\src\sql-js\session.ts:83:9)
    ... 2 lines matching cause stack trace ...
    at autoCloseExpiredRegisters (C:\Users\Victor\Desktop\IntegrateSystem-main\server\cash-register-control.ts:116:15) {
  cause: Error: cannot rollback - no transaction is active
      at e.handleError (C:\Users\Victor\Desktop\IntegrateSystem-main\node_modules\sql.js\dist\sql-wasm.js:90:226)
      at c.step (C:\Users\Victor\Desktop\IntegrateSystem-main\node_modules\sql.js\dist\sql-wasm.js:80:405)
      at c.run (C:\Users\Victor\Desktop\IntegrateSystem-main\node_modules\sql.js\dist\sql-wasm.js:83:87)
      at c.statement.run (C:\Users\Victor\Desktop\IntegrateSystem-main\server\local-sqlite-realtime-persistence.ts:52:24)
      at PreparedQuery.run (C:\Users\Victor\Desktop\IntegrateSystem-main\node_modules\src\sql-js\session.ts:131:28)
      at SQLJsSession.run (C:\Users\Victor\Desktop\IntegrateSystem-main\node_modules\src\sqlite-core\session.ts:146:74)
      at SQLJsSession.transaction (C:\Users\Victor\Desktop\IntegrateSystem-main\node_modules\src\sql-js\session.ts:83:9)
      at BaseSQLiteDatabase.transaction (C:\Users\Victor\Desktop\IntegrateSystem-main\node_modules\src\sqlite-core\db.ts:589:23)
      at closeAutomaticallyForDatabase (C:\Users\Victor\Desktop\IntegrateSystem-main\server\cash-register-control.ts:83:18)
      at autoCloseExpiredRegisters (C:\Users\Victor\Desktop\IntegrateSystem-main\server\cash-register-control.ts:116:15)
}
[CAIXA] Erro no fechamento automático: DrizzleError: Failed to run the query 'rollback'
    at SQLJsSession.run (C:\Users\Victor\Desktop\IntegrateSystem-main\node_modules\src\sqlite-core\session.ts:148:10)
    at SQLJsSession.transaction (C:\Users\Victor\Desktop\IntegrateSystem-main\node_modules\src\sql-js\session.ts:83:9)
    ... 2 lines matching cause stack trace ...
    at autoCloseExpiredRegisters (C:\Users\Victor\Desktop\IntegrateSystem-main\server\cash-register-control.ts:116:15) {
  cause: Error: cannot rollback - no transaction is active
      at e.handleError (C:\Users\Victor\Desktop\IntegrateSystem-main\node_modules\sql.js\dist\sql-wasm.js:90:226)
      at c.step (C:\Users\Victor\Desktop\IntegrateSystem-main\node_modules\sql.js\dist\sql-wasm.js:80:405)
      at c.run (C:\Users\Victor\Desktop\IntegrateSystem-main\node_modules\sql.js\dist\sql-wasm.js:83:87)
      at c.statement.run (C:\Users\Victor\Desktop\IntegrateSystem-main\server\local-sqlite-realtime-persistence.ts:52:24)
      at PreparedQuery.run (C:\Users\Victor\Desktop\IntegrateSystem-main\node_modules\src\sql-js\session.ts:131:28)
      at SQLJsSession.run (C:\Users\Victor\Desktop\IntegrateSystem-main\node_modules\src\sqlite-core\session.ts:146:74)
      at SQLJsSession.transaction (C:\Users\Victor\Desktop\IntegrateSystem-main\node_modules\src\sql-js\session.ts:83:9)
      at BaseSQLiteDatabase.transaction (C:\Users\Victor\Desktop\IntegrateSystem-main\node_modules\src\sqlite-core\db.ts:589:23)
      at closeAutomaticallyForDatabase (C:\Users\Victor\Desktop\IntegrateSystem-main\server\cash-register-control.ts:83:18)
      at autoCloseExpiredRegisters (C:\Users\Victor\Desktop\IntegrateSystem-main\server\cash-register-control.ts:116:15)
}
[CAIXA] Erro no fechamento automático: DrizzleError: Failed to run the query 'rollback'
    at SQLJsSession.run (C:\Users\Victor\Desktop\IntegrateSystem-main\node_modules\src\sqlite-core\session.ts:148:10)
    at SQLJsSession.transaction (C:\Users\Victor\Desktop\IntegrateSystem-main\node_modules\src\sql-js\session.ts:83:9)
    ... 2 lines matching cause stack trace ...
    at autoCloseExpiredRegisters (C:\Users\Victor\Desktop\IntegrateSystem-main\server\cash-register-control.ts:116:15) {
  cause: Error: cannot rollback - no transaction is active
      at e.handleError (C:\Users\Victor\Desktop\IntegrateSystem-main\node_modules\sql.js\dist\sql-wasm.js:90:226)
      at c.step (C:\Users\Victor\Desktop\IntegrateSystem-main\node_modules\sql.js\dist\sql-wasm.js:80:405)
      at c.run (C:\Users\Victor\Desktop\IntegrateSystem-main\node_modules\sql.js\dist\sql-wasm.js:83:87)
      at c.statement.run (C:\Users\Victor\Desktop\IntegrateSystem-main\server\local-sqlite-realtime-persistence.ts:52:24)
      at PreparedQuery.run (C:\Users\Victor\Desktop\IntegrateSystem-main\node_modules\src\sql-js\session.ts:131:28)
      at SQLJsSession.run (C:\Users\Victor\Desktop\IntegrateSystem-main\node_modules\src\sqlite-core\session.ts:146:74)
      at SQLJsSession.transaction (C:\Users\Victor\Desktop\IntegrateSystem-main\node_modules\src\sql-js\session.ts:83:9)
      at BaseSQLiteDatabase.transaction (C:\Users\Victor\Desktop\IntegrateSystem-main\node_modules\src\sqlite-core\db.ts:589:23)
      at closeAutomaticallyForDatabase (C:\Users\Victor\Desktop\IntegrateSystem-main\server\cash-register-control.ts:83:18)
      at autoCloseExpiredRegisters (C:\Users\Victor\Desktop\IntegrateSystem-main\server\cash-register-control.ts:116:15)
}
9:05:55 PM [express] GET /api/db/status 200 in 3ms :: {"status":"online","message":"Conectado ao SQLite Local","latency":15,"lastAction":"Consulta usuário ID:1 em 20:37:18","timestamp":1789517155490}
9:05:58 PM [express] GET /api/user 401 in 3ms :: {"message":"Unauthorized"}
9:06:03 PM [express] GET /api/user 401 in 2ms :: {"message":"Unauthorized"}
[DB ACTION]: Login/Busca usuário: SkelleTu em 21:06:14
9:06:14 PM [express] POST /api/auth/login 200 in 327ms :: {"id":1,"username":"SkelleTu","password":"21f0f8fcb37fdceee70252ece9bddb8f8f7703860592c4d8330ea8956a98659ddff4267f4538dd2fcb7a0ea273f0dd911973121c1755bc81cce454dbc8ca1d9f.83991d0f7e547b41f81b9a0c75cd7e96","role":"admin","fingerprintId":null,"enterpriseId":1}
[DB ACTION]: Consulta usuário ID:1 em 21:06:15
9:06:15 PM [express] GET /api/user 304 in 14ms :: {"id":1,"username":"SkelleTu","password":"21f0f8fcb37fdceee70252ece9bddb8f8f7703860592c4d8330ea8956a98659ddff4267f4538dd2fcb7a0ea273f0dd911973121c1755bc81cce454dbc8ca1d9f.83991d0f7e547b41f81b9a0c75cd7e96","role":"admin","fingerprintId":null,"enterpriseId":1}
[DB ACTION]: Consulta usuário ID:1 em 21:06:15
[DB ACTION]: Consulta itens menu em 21:06:15
9:06:15 PM [express] GET /api/menu-items 304 in 6ms :: []
[DB ACTION]: Consulta usuário ID:1 em 21:06:15
[DB ACTION]: Consulta categorias menu em 21:06:15
9:06:15 PM [express] GET /api/categories 304 in 13ms :: []
[CAIXA] Erro no fechamento automático: DrizzleError: Failed to run the query 'rollback'
    at SQLJsSession.run (C:\Users\Victor\Desktop\IntegrateSystem-main\node_modules\src\sqlite-core\session.ts:148:10)
    at SQLJsSession.transaction (C:\Users\Victor\Desktop\IntegrateSystem-main\node_modules\src\sql-js\session.ts:83:9)
    ... 2 lines matching cause stack trace ...
    at autoCloseExpiredRegisters (C:\Users\Victor\Desktop\IntegrateSystem-main\server\cash-register-control.ts:116:15) {
  cause: Error: cannot rollback - no transaction is active
      at e.handleError (C:\Users\Victor\Desktop\IntegrateSystem-main\node_modules\sql.js\dist\sql-wasm.js:90:226)
      at c.step (C:\Users\Victor\Desktop\IntegrateSystem-main\node_modules\sql.js\dist\sql-wasm.js:80:405)
      at c.run (C:\Users\Victor\Desktop\IntegrateSystem-main\node_modules\sql.js\dist\sql-wasm.js:83:87)
      at c.statement.run (C:\Users\Victor\Desktop\IntegrateSystem-main\server\local-sqlite-realtime-persistence.ts:52:24)
      at PreparedQuery.run (C:\Users\Victor\Desktop\IntegrateSystem-main\node_modules\src\sql-js\session.ts:131:28)
      at SQLJsSession.run (C:\Users\Victor\Desktop\IntegrateSystem-main\node_modules\src\sqlite-core\session.ts:146:74)
      at SQLJsSession.transaction (C:\Users\Victor\Desktop\IntegrateSystem-main\node_modules\src\sql-js\session.ts:83:9)
      at BaseSQLiteDatabase.transaction (C:\Users\Victor\Desktop\IntegrateSystem-main\node_modules\src\sqlite-core\db.ts:589:23)
      at closeAutomaticallyForDatabase (C:\Users\Victor\Desktop\IntegrateSystem-main\server\cash-register-control.ts:83:18)
      at autoCloseExpiredRegisters (C:\Users\Victor\Desktop\IntegrateSystem-main\server\cash-register-control.ts:116:15)
}
[DB ACTION]: Consulta usuário ID:1 em 21:06:25
9:06:25 PM [express] GET /api/db/status 200 in 5ms :: {"status":"online","message":"Conectado ao SQLite Local","latency":15,"lastAction":"Consulta usuário ID:1 em 21:06:25","timestamp":1789517185473}
[DB ACTION]: Consulta usuário ID:1 em 21:06:35
9:06:35 PM [express] GET /api/db/status 200 in 5ms :: {"status":"online","message":"Conectado ao SQLite Local","latency":15,"lastAction":"Consulta usuário ID:1 em 21:06:35","timestamp":1789517195554}
[DB ACTION]: Consulta usuário ID:1 em 21:06:37
[DB ACTION]: Verificação caixa aberto usuário ID:1 em 21:06:37
9:06:37 PM [express] GET /api/cash-register/open 304 in 5ms :: {"id":2,"userId":1,"openedAt":"2026-09-15T21:07:13.000Z","closedAt":null,"openingAmount":46500,"closingAmount":null,"difference":null,"status":"open"}
[DB ACTION]: Consulta usuário ID:1 em 21:06:37
[DB ACTION]: Consulta configurações fiscais empresa ID:1 em 21:06:37
[DB ACTION]: Consulta instituição ID:1 em 21:06:37
9:06:37 PM [express] GET /api/fiscal/settings 304 in 24ms :: {"id":1,"enterpriseId":1,"razaoSocial":"68.146.304 ELISANGELA ROSSINI ANDRADE TANGERINO","nomeFantasia":"Padaria e Mercearia Orquídeas","cnpj":"68.146.304/0001-03","inscricaoEstadual":"ISENTO","logradouro":"Rua Emerson Luiz de Carvalho","numero":"158","bairro":"Conjunto Residencial Prefeito Professor Jair Della Colleta","municipio":"Araras","codigoIbge":"3503307","uf":"SP","cep":"13606-864","regimeTributario":"1","cscToken":null,"cscId":null,"serieNfce":1,"ultimoNumeroNfce":1,"ambiente":"homologacao","simulacaoReal":false,"certificadoA1":null,"certificadoSenha":null,"printerWidth":"58mm"}
[DB ACTION]: Consulta usuário ID:1 em 21:06:37
[DB ACTION]: Consulta itens menu em 21:06:37
9:06:37 PM [express] GET /api/menu-items 304 in 7ms :: []
[DB ACTION]: Consulta usuário ID:1 em 21:06:37
[DB ACTION]: Consulta estoque completo em 21:06:37
9:06:37 PM [express] GET /api/inventory 304 in 7ms :: []
[DB ACTION]: Consulta usuário ID:1 em 21:06:37
[DB ACTION]: Consulta produtos em 21:06:37
9:06:37 PM [express] GET /api/products/cashier-items 304 in 23ms :: [{"id":500001,"_source":"product-batch","_productId":1,"_batchId":1,"name":"Papel Higiênico – Primavera 12 Rolos","price":1399,"barcode":"7896075301202","sku":"30","codigoProduto":"","codigoBalanca":"","imageUrl":null,"isAvailable":true,"unitType":"unit","unit":"Unidade","quantity":35}]
[DB ACTION]: Consulta usuário ID:1 em 21:06:37
9:06:37 PM [express] GET /api/cash-control/status 200 in 14ms :: {"register":{"id":2,"userId":1,"openedAt":"2026-09-15T21:07:13.000Z","closedAt":null,"openingAmount":46500,"closingAmount":null,"difference":null,"status":"open"},"summary":{"register":{"id":2,"userId":1,"openedAt":"2026-09-15T21:07:13.000Z","closedAt":null,"openingAmount":46500,"closingAmount":null,"difference":null,"status":"open"},"openingAmount":46500,"cashSales":0,"replenishments":0,"withdrawals":0,"adjustments":0,"expectedAmount":46500,"movements":[{"id":2,"cashRegisterId":2,"userId":1,"type":"opening","amount":46500,"reason":"Abertura administrativa do Caixa","createdAt":"2026-09-15T21:07:14.000Z"}]},"pendingReviews":[]}
[DB ACTION]: Consulta usuário ID:1 em 21:06:37
9:06:37 PM [express] GET /api/cash-audit/config 304 in 6ms :: {"toleranceCents":0}
[DB ACTION]: Consulta usuário ID:1 em 21:06:45
[DB ACTION]: Consulta produtos em 21:06:45
9:06:45 PM [express] GET /api/products 200 in 11ms :: [{"id":2,"name":"Amaciantes","brand":"","category":"Limpeza","flavor":"","unit":"Unidade","weight":"","description":"","imageUrl":null,"minStock":1,"salePrice":890,"emLiquidacao":false,"ncm":"38099110","cfop":"5102","codigoBalanca":"","codigoProduto":"","createdAt":"2026-08-01T01:52:17.000Z","updatedAt":"2026-08-01T02:22:32.000Z","totalQuantity":0,"nearestExpiry":null,"batchSkus":["35","7896056406551","36","7896527700638","58","7500435251259"]},{"id":5,"name":"Desinfetante","brand":"","category":"Limpeza","flavor":"","unit":"Unidade","weight":"","description":"","imageUrl":null,"minStock":5,"salePrice":850,"emLiquidacao":false,"ncm":"38089419","cfop":"5102","codigoBalanca":"","codigoProduto":"","createdAt":"2026-08-01T02:36:31.000Z","updatedAt":"2026-08-01T02:36:31.000Z","totalQuantity":0,"nearestExpiry":null,"batchSkus":["44","7896527700379","45","7891242457041"]},{"id":4,"name":"Detergente","brand":"","category":"Limpeza","flavor":"","unit":"Unidade","weight":"","description":"","imageUrl":null,"minStock":1,"salePrice":300,"emLiquidacao":false,"ncm":"34022000","cfop":"5102","codigoBalanca":"","codigoProduto":"","createdAt":"2026-08-01T02:27:57.000Z","updatedAt":"2026-08-01T02:27:57.000Z","totalQuantity":0,"nearestExpiry":null,"batchSkus":["41","7896098900222","42","7896105510789","43","7896105510802"]},{"id":6,"name":"Multiuso","brand":"","category":"Limpeza","flavor":"","unit":"Unidade","weight":"","description":"","imageUrl":null,"minStock":1,"salePrice":520,"emLiquidacao":false,"ncm":"34029000","cfop":"5102","codigoBalanca":"","codigoProduto":"","createdAt":"2026-08-01T02:43:50.000Z","updatedAt":"2026-08-01T02:43:50.000Z","totalQuantity":0,"nearestExpiry":null,"batchSkus":["46","7891242451551"]},{"id":8,"name":"Odorizante de Ambiente","brand":"","category":"Limpeza","flavor":"","unit":"Unidade","weight":"","description":"","imageUrl":null,"minStock":1,"salePrice":2900,"emLiquidacao":false,"ncm":"33074100","cfop":"5102","codigoBalanca":"","codigoProduto":"","createdAt":"2026-08-01T03:21:11.000Z","updatedAt":"2026-08-01T03:21:11.000Z","totalQuantity":0,"nearestExpiry":null,"batchSkus":["49","7898662113687","50","7898662113526","51","7898662110167","52","7898662110235"]},{"id":1,"name":"Papel Higiênico","brand":"","category":"Higiene Pessoal","flavor":"","unit":"Unidade","weight":"","description":"","imageUrl":null,"minStock":5,"salePrice":1399,"emLiquidacao":false,"ncm":"48181000","cfop":"5102","codigoBalanca":"","codigoProduto":"","createdAt":"2026-08-01T01:37:17.000Z","updatedAt":"2026-08-01T01:55:57.000Z","totalQuantity":35,"nearestExpiry":null,"batchSkus":["30","7896075301202","31","7899853806647","32","7899853806128","33","7899853806630"]},{"id":15,"name":"Sabão em Pedra","brand":"","category":"Limpeza","flavor":"","unit":"Unidade","weight":"","description":"","imageUrl":null,"minStock":5,"salePrice":null,"emLiquidacao":false,"ncm":"34011190","cfop":"5102","codigoBalanca":"","codigoProduto":"","createdAt":"2026-08-01T03:45:00.000Z","updatedAt":"2026-08-01T03:45:00.000Z","totalQuantity":0,"nearestExpiry":null,"batchSkus":["56","7908324403978","57"]},{"id":11,"name":"Sabão em Pó","brand":"","category":"Limpeza","flavor":"","unit":"Unidade","weight":"","description":"","imageUrl":null,"minStock":1,"salePrice":1550,"emLiquidacao":false,"ncm":"34021110","cfop":"5102","codigoBalanca":"","codigoProduto":"","createdAt":"2026-08-01T03:36:23.000Z","updatedAt":"2026-08-01T03:36:23.000Z","totalQuantity":0,"nearestExpiry":null,"batchSkus":["54","7891150108622","55","7896098909744"]},{"id":7,"name":"Triex","brand":"","category":"Limpeza","flavor":"","unit":"Unidade","weight":"","description":"","imageUrl":null,"minStock":1,"salePrice":550,"emLiquidacao":false,"ncm":"34029000","cfop":"5102","codigoBalanca":"","codigoProduto":"","createdAt":"2026-08-01T02:49:10.000Z","updatedAt":"2026-08-01T17:21:03.000Z","totalQuantity":0,"nearestExpiry":null,"batchSkus":["47","7896527700607","48","7896527700614"]},{"id":3,"name":"Água Sanitária","brand":"","category":"Limpeza","flavor":"","unit":"Unidade","weight":"","description":"","imageUrl":null,"minStock":2,"salePrice":1380,"emLiquidacao":false,"ncm":"28289011","cfop":"5102","codigoBalanca":"","codigoProduto":"","createdAt":"2026-08-01T02:02:04.000Z","updatedAt":"2026-08-01T02:08:12.000Z","totalQuantity":0,"nearestExpiry":null,"batchSkus":["37","7896013105695","38","7896219700038","39","7896524726457","40","7896098904671"]},{"id":9,"name":"Álcool","brand":"","category":"Limpeza","flavor":"","unit":"Unidade","weight":"","description":"","imageUrl":null,"minStock":1,"salePrice":989,"emLiquidacao":false,"ncm":"22072010","cfop":"5102","codigoBalanca":"","codigoProduto":"","createdAt":"2026-08-01T03:32:23.000Z","updatedAt":"2026-08-01T03:32:23.000Z","totalQuantity":0,"nearestExpiry":null,"batchSkus":["53","7898917671153"]}]
[DB ACTION]: Consulta usuário ID:1 em 21:06:45
9:06:45 PM [express] GET /api/products/snapshot 404 in 12ms :: {"message":"Produto não encontrado"}
[DB ACTION]: Consulta usuário ID:1 em 21:06:45
9:06:45 PM [express] GET /api/db/status 200 in 4ms :: {"status":"online","message":"Conectado ao SQLite Local","latency":15,"lastAction":"Consulta usuário ID:1 em 21:06:45","timestamp":1789517205591}
[CAIXA] Erro no fechamento automático: DrizzleError: Failed to run the query 'rollback'
    at SQLJsSession.run (C:\Users\Victor\Desktop\IntegrateSystem-main\node_modules\src\sqlite-core\session.ts:148:10)
    at SQLJsSession.transaction (C:\Users\Victor\Desktop\IntegrateSystem-main\node_modules\src\sql-js\session.ts:83:9)
    ... 2 lines matching cause stack trace ...
    at autoCloseExpiredRegisters (C:\Users\Victor\Desktop\IntegrateSystem-main\server\cash-register-control.ts:116:15) {
  cause: Error: cannot rollback - no transaction is active
      at e.handleError (C:\Users\Victor\Desktop\IntegrateSystem-main\node_modules\sql.js\dist\sql-wasm.js:90:226)
      at c.step (C:\Users\Victor\Desktop\IntegrateSystem-main\node_modules\sql.js\dist\sql-wasm.js:80:405)
      at c.run (C:\Users\Victor\Desktop\IntegrateSystem-main\node_modules\sql.js\dist\sql-wasm.js:83:87)
      at c.statement.run (C:\Users\Victor\Desktop\IntegrateSystem-main\server\local-sqlite-realtime-persistence.ts:52:24)
      at PreparedQuery.run (C:\Users\Victor\Desktop\IntegrateSystem-main\node_modules\src\sql-js\session.ts:131:28)
      at SQLJsSession.run (C:\Users\Victor\Desktop\IntegrateSystem-main\node_modules\src\sqlite-core\session.ts:146:74)
      at SQLJsSession.transaction (C:\Users\Victor\Desktop\IntegrateSystem-main\node_modules\src\sql-js\session.ts:83:9)
      at BaseSQLiteDatabase.transaction (C:\Users\Victor\Desktop\IntegrateSystem-main\node_modules\src\sqlite-core\db.ts:589:23)
      at closeAutomaticallyForDatabase (C:\Users\Victor\Desktop\IntegrateSystem-main\server\cash-register-control.ts:83:18)
      at autoCloseExpiredRegisters (C:\Users\Victor\Desktop\IntegrateSystem-main\server\cash-register-control.ts:116:15)
}
[DB ACTION]: Consulta usuário ID:1 em 21:07:18
[DB ACTION]: Consulta produtos em 21:07:18
9:07:18 PM [express] GET /api/products 304 in 18ms :: [{"id":2,"name":"Amaciantes","brand":"","category":"Limpeza","flavor":"","unit":"Unidade","weight":"","description":"","imageUrl":null,"minStock":1,"salePrice":890,"emLiquidacao":false,"ncm":"38099110","cfop":"5102","codigoBalanca":"","codigoProduto":"","createdAt":"2026-08-01T01:52:17.000Z","updatedAt":"2026-08-01T02:22:32.000Z","totalQuantity":0,"nearestExpiry":null,"batchSkus":["35","7896056406551","36","7896527700638","58","7500435251259"]},{"id":5,"name":"Desinfetante","brand":"","category":"Limpeza","flavor":"","unit":"Unidade","weight":"","description":"","imageUrl":null,"minStock":5,"salePrice":850,"emLiquidacao":false,"ncm":"38089419","cfop":"5102","codigoBalanca":"","codigoProduto":"","createdAt":"2026-08-01T02:36:31.000Z","updatedAt":"2026-08-01T02:36:31.000Z","totalQuantity":0,"nearestExpiry":null,"batchSkus":["44","7896527700379","45","7891242457041"]},{"id":4,"name":"Detergente","brand":"","category":"Limpeza","flavor":"","unit":"Unidade","weight":"","description":"","imageUrl":null,"minStock":1,"salePrice":300,"emLiquidacao":false,"ncm":"34022000","cfop":"5102","codigoBalanca":"","codigoProduto":"","createdAt":"2026-08-01T02:27:57.000Z","updatedAt":"2026-08-01T02:27:57.000Z","totalQuantity":0,"nearestExpiry":null,"batchSkus":["41","7896098900222","42","7896105510789","43","7896105510802"]},{"id":6,"name":"Multiuso","brand":"","category":"Limpeza","flavor":"","unit":"Unidade","weight":"","description":"","imageUrl":null,"minStock":1,"salePrice":520,"emLiquidacao":false,"ncm":"34029000","cfop":"5102","codigoBalanca":"","codigoProduto":"","createdAt":"2026-08-01T02:43:50.000Z","updatedAt":"2026-08-01T02:43:50.000Z","totalQuantity":0,"nearestExpiry":null,"batchSkus":["46","7891242451551"]},{"id":8,"name":"Odorizante de Ambiente","brand":"","category":"Limpeza","flavor":"","unit":"Unidade","weight":"","description":"","imageUrl":null,"minStock":1,"salePrice":2900,"emLiquidacao":false,"ncm":"33074100","cfop":"5102","codigoBalanca":"","codigoProduto":"","createdAt":"2026-08-01T03:21:11.000Z","updatedAt":"2026-08-01T03:21:11.000Z","totalQuantity":0,"nearestExpiry":null,"batchSkus":["49","7898662113687","50","7898662113526","51","7898662110167","52","7898662110235"]},{"id":1,"name":"Papel Higiênico","brand":"","category":"Higiene Pessoal","flavor":"","unit":"Unidade","weight":"","description":"","imageUrl":null,"minStock":5,"salePrice":1399,"emLiquidacao":false,"ncm":"48181000","cfop":"5102","codigoBalanca":"","codigoProduto":"","createdAt":"2026-08-01T01:37:17.000Z","updatedAt":"2026-08-01T01:55:57.000Z","totalQuantity":35,"nearestExpiry":null,"batchSkus":["30","7896075301202","31","7899853806647","32","7899853806128","33","7899853806630"]},{"id":15,"name":"Sabão em Pedra","brand":"","category":"Limpeza","flavor":"","unit":"Unidade","weight":"","description":"","imageUrl":null,"minStock":5,"salePrice":null,"emLiquidacao":false,"ncm":"34011190","cfop":"5102","codigoBalanca":"","codigoProduto":"","createdAt":"2026-08-01T03:45:00.000Z","updatedAt":"2026-08-01T03:45:00.000Z","totalQuantity":0,"nearestExpiry":null,"batchSkus":["56","7908324403978","57"]},{"id":11,"name":"Sabão em Pó","brand":"","category":"Limpeza","flavor":"","unit":"Unidade","weight":"","description":"","imageUrl":null,"minStock":1,"salePrice":1550,"emLiquidacao":false,"ncm":"34021110","cfop":"5102","codigoBalanca":"","codigoProduto":"","createdAt":"2026-08-01T03:36:23.000Z","updatedAt":"2026-08-01T03:36:23.000Z","totalQuantity":0,"nearestExpiry":null,"batchSkus":["54","7891150108622","55","7896098909744"]},{"id":7,"name":"Triex","brand":"","category":"Limpeza","flavor":"","unit":"Unidade","weight":"","description":"","imageUrl":null,"minStock":1,"salePrice":550,"emLiquidacao":false,"ncm":"34029000","cfop":"5102","codigoBalanca":"","codigoProduto":"","createdAt":"2026-08-01T02:49:10.000Z","updatedAt":"2026-08-01T17:21:03.000Z","totalQuantity":0,"nearestExpiry":null,"batchSkus":["47","7896527700607","48","7896527700614"]},{"id":3,"name":"Água Sanitária","brand":"","category":"Limpeza","flavor":"","unit":"Unidade","weight":"","description":"","imageUrl":null,"minStock":2,"salePrice":1380,"emLiquidacao":false,"ncm":"28289011","cfop":"5102","codigoBalanca":"","codigoProduto":"","createdAt":"2026-08-01T02:02:04.000Z","updatedAt":"2026-08-01T02:08:12.000Z","totalQuantity":0,"nearestExpiry":null,"batchSkus":["37","7896013105695","38","7896219700038","39","7896524726457","40","7896098904671"]},{"id":9,"name":"Álcool","brand":"","category":"Limpeza","flavor":"","unit":"Unidade","weight":"","description":"","imageUrl":null,"minStock":1,"salePrice":989,"emLiquidacao":false,"ncm":"22072010","cfop":"5102","codigoBalanca":"","codigoProduto":"","createdAt":"2026-08-01T03:32:23.000Z","updatedAt":"2026-08-01T03:32:23.000Z","totalQuantity":0,"nearestExpiry":null,"batchSkus":["53","7898917671153"]}]
[CAIXA] Erro no fechamento automático: DrizzleError: Failed to run the query 'rollback'
    at SQLJsSession.run (C:\Users\Victor\Desktop\IntegrateSystem-main\node_modules\src\sqlite-core\session.ts:148:10)
    at SQLJsSession.transaction (C:\Users\Victor\Desktop\IntegrateSystem-main\node_modules\src\sql-js\session.ts:83:9)
    ... 2 lines matching cause stack trace ...
    at autoCloseExpiredRegisters (C:\Users\Victor\Desktop\IntegrateSystem-main\server\cash-register-control.ts:116:15) {
  cause: Error: cannot rollback - no transaction is active
      at e.handleError (C:\Users\Victor\Desktop\IntegrateSystem-main\node_modules\sql.js\dist\sql-wasm.js:90:226)
      at c.step (C:\Users\Victor\Desktop\IntegrateSystem-main\node_modules\sql.js\dist\sql-wasm.js:80:405)
      at c.run (C:\Users\Victor\Desktop\IntegrateSystem-main\node_modules\sql.js\dist\sql-wasm.js:83:87)
      at c.statement.run (C:\Users\Victor\Desktop\IntegrateSystem-main\server\local-sqlite-realtime-persistence.ts:52:24)
      at PreparedQuery.run (C:\Users\Victor\Desktop\IntegrateSystem-main\node_modules\src\sql-js\session.ts:131:28)
      at SQLJsSession.run (C:\Users\Victor\Desktop\IntegrateSystem-main\node_modules\src\sqlite-core\session.ts:146:74)
      at SQLJsSession.transaction (C:\Users\Victor\Desktop\IntegrateSystem-main\node_modules\src\sql-js\session.ts:83:9)
      at BaseSQLiteDatabase.transaction (C:\Users\Victor\Desktop\IntegrateSystem-main\node_modules\src\sqlite-core\db.ts:589:23)
      at closeAutomaticallyForDatabase (C:\Users\Victor\Desktop\IntegrateSystem-main\server\cash-register-control.ts:83:18)
      at autoCloseExpiredRegisters (C:\Users\Victor\Desktop\IntegrateSystem-main\server\cash-register-control.ts:116:15)
}
[DB ACTION]: Consulta usuário ID:1 em 21:07:25
9:07:25 PM [express] GET /api/db/status 200 in 9ms :: {"status":"online","message":"Conectado ao SQLite Local","latency":15,"lastAction":"Consulta usuário ID:1 em 21:07:25","timestamp":1789517245842}
[DB ACTION]: Consulta usuário ID:1 em 21:07:36
9:07:36 PM [express] GET /api/db/status 200 in 6ms :: {"status":"online","message":"Conectado ao SQLite Local","latency":15,"lastAction":"Consulta usuário ID:1 em 21:07:36","timestamp":1789517256645}
[DB ACTION]: Consulta usuário ID:1 em 21:07:46
9:07:46 PM [express] GET /api/db/status 200 in 13ms :: {"status":"online","message":"Conectado ao SQLite Local","latency":15,"lastAction":"Consulta usuário ID:1 em 21:07:46","timestamp":1789517266977}
[CAIXA] Erro no fechamento automático: DrizzleError: Failed to run the query 'rollback'
    at SQLJsSession.run (C:\Users\Victor\Desktop\IntegrateSystem-main\node_modules\src\sqlite-core\session.ts:148:10)
    at SQLJsSession.transaction (C:\Users\Victor\Desktop\IntegrateSystem-main\node_modules\src\sql-js\session.ts:83:9)
    ... 2 lines matching cause stack trace ...
    at autoCloseExpiredRegisters (C:\Users\Victor\Desktop\IntegrateSystem-main\server\cash-register-control.ts:116:15) {
  cause: Error: cannot rollback - no transaction is active
      at e.handleError (C:\Users\Victor\Desktop\IntegrateSystem-main\node_modules\sql.js\dist\sql-wasm.js:90:226)
      at c.step (C:\Users\Victor\Desktop\IntegrateSystem-main\node_modules\sql.js\dist\sql-wasm.js:80:405)
      at c.run (C:\Users\Victor\Desktop\IntegrateSystem-main\node_modules\sql.js\dist\sql-wasm.js:83:87)
      at c.statement.run (C:\Users\Victor\Desktop\IntegrateSystem-main\server\local-sqlite-realtime-persistence.ts:52:24)
      at PreparedQuery.run (C:\Users\Victor\Desktop\IntegrateSystem-main\node_modules\src\sql-js\session.ts:131:28)
      at SQLJsSession.run (C:\Users\Victor\Desktop\IntegrateSystem-main\node_modules\src\sqlite-core\session.ts:146:74)
      at SQLJsSession.transaction (C:\Users\Victor\Desktop\IntegrateSystem-main\node_modules\src\sql-js\session.ts:83:9)
      at BaseSQLiteDatabase.transaction (C:\Users\Victor\Desktop\IntegrateSystem-main\node_modules\src\sqlite-core\db.ts:589:23)
      at closeAutomaticallyForDatabase (C:\Users\Victor\Desktop\IntegrateSystem-main\server\cash-register-control.ts:83:18)
      at autoCloseExpiredRegisters (C:\Users\Victor\Desktop\IntegrateSystem-main\server\cash-register-control.ts:116:15)
}
[DB ACTION]: Consulta usuário ID:1 em 21:07:53
[DB ACTION]: Consulta produtos em 21:07:53
9:07:53 PM [express] GET /api/products 304 in 13ms :: [{"id":2,"name":"Amaciantes","brand":"","category":"Limpeza","flavor":"","unit":"Unidade","weight":"","description":"","imageUrl":null,"minStock":1,"salePrice":890,"emLiquidacao":false,"ncm":"38099110","cfop":"5102","codigoBalanca":"","codigoProduto":"","createdAt":"2026-08-01T01:52:17.000Z","updatedAt":"2026-08-01T02:22:32.000Z","totalQuantity":0,"nearestExpiry":null,"batchSkus":["35","7896056406551","36","7896527700638","58","7500435251259"]},{"id":5,"name":"Desinfetante","brand":"","category":"Limpeza","flavor":"","unit":"Unidade","weight":"","description":"","imageUrl":null,"minStock":5,"salePrice":850,"emLiquidacao":false,"ncm":"38089419","cfop":"5102","codigoBalanca":"","codigoProduto":"","createdAt":"2026-08-01T02:36:31.000Z","updatedAt":"2026-08-01T02:36:31.000Z","totalQuantity":0,"nearestExpiry":null,"batchSkus":["44","7896527700379","45","7891242457041"]},{"id":4,"name":"Detergente","brand":"","category":"Limpeza","flavor":"","unit":"Unidade","weight":"","description":"","imageUrl":null,"minStock":1,"salePrice":300,"emLiquidacao":false,"ncm":"34022000","cfop":"5102","codigoBalanca":"","codigoProduto":"","createdAt":"2026-08-01T02:27:57.000Z","updatedAt":"2026-08-01T02:27:57.000Z","totalQuantity":0,"nearestExpiry":null,"batchSkus":["41","7896098900222","42","7896105510789","43","7896105510802"]},{"id":6,"name":"Multiuso","brand":"","category":"Limpeza","flavor":"","unit":"Unidade","weight":"","description":"","imageUrl":null,"minStock":1,"salePrice":520,"emLiquidacao":false,"ncm":"34029000","cfop":"5102","codigoBalanca":"","codigoProduto":"","createdAt":"2026-08-01T02:43:50.000Z","updatedAt":"2026-08-01T02:43:50.000Z","totalQuantity":0,"nearestExpiry":null,"batchSkus":["46","7891242451551"]},{"id":8,"name":"Odorizante de Ambiente","brand":"","category":"Limpeza","flavor":"","unit":"Unidade","weight":"","description":"","imageUrl":null,"minStock":1,"salePrice":2900,"emLiquidacao":false,"ncm":"33074100","cfop":"5102","codigoBalanca":"","codigoProduto":"","createdAt":"2026-08-01T03:21:11.000Z","updatedAt":"2026-08-01T03:21:11.000Z","totalQuantity":0,"nearestExpiry":null,"batchSkus":["49","7898662113687","50","7898662113526","51","7898662110167","52","7898662110235"]},{"id":1,"name":"Papel Higiênico","brand":"","category":"Higiene Pessoal","flavor":"","unit":"Unidade","weight":"","description":"","imageUrl":null,"minStock":5,"salePrice":1399,"emLiquidacao":false,"ncm":"48181000","cfop":"5102","codigoBalanca":"","codigoProduto":"","createdAt":"2026-08-01T01:37:17.000Z","updatedAt":"2026-08-01T01:55:57.000Z","totalQuantity":35,"nearestExpiry":null,"batchSkus":["30","7896075301202","31","7899853806647","32","7899853806128","33","7899853806630"]},{"id":15,"name":"Sabão em Pedra","brand":"","category":"Limpeza","flavor":"","unit":"Unidade","weight":"","description":"","imageUrl":null,"minStock":5,"salePrice":null,"emLiquidacao":false,"ncm":"34011190","cfop":"5102","codigoBalanca":"","codigoProduto":"","createdAt":"2026-08-01T03:45:00.000Z","updatedAt":"2026-08-01T03:45:00.000Z","totalQuantity":0,"nearestExpiry":null,"batchSkus":["56","7908324403978","57"]},{"id":11,"name":"Sabão em Pó","brand":"","category":"Limpeza","flavor":"","unit":"Unidade","weight":"","description":"","imageUrl":null,"minStock":1,"salePrice":1550,"emLiquidacao":false,"ncm":"34021110","cfop":"5102","codigoBalanca":"","codigoProduto":"","createdAt":"2026-08-01T03:36:23.000Z","updatedAt":"2026-08-01T03:36:23.000Z","totalQuantity":0,"nearestExpiry":null,"batchSkus":["54","7891150108622","55","7896098909744"]},{"id":7,"name":"Triex","brand":"","category":"Limpeza","flavor":"","unit":"Unidade","weight":"","description":"","imageUrl":null,"minStock":1,"salePrice":550,"emLiquidacao":false,"ncm":"34029000","cfop":"5102","codigoBalanca":"","codigoProduto":"","createdAt":"2026-08-01T02:49:10.000Z","updatedAt":"2026-08-01T17:21:03.000Z","totalQuantity":0,"nearestExpiry":null,"batchSkus":["47","7896527700607","48","7896527700614"]},{"id":3,"name":"Água Sanitária","brand":"","category":"Limpeza","flavor":"","unit":"Unidade","weight":"","description":"","imageUrl":null,"minStock":2,"salePrice":1380,"emLiquidacao":false,"ncm":"28289011","cfop":"5102","codigoBalanca":"","codigoProduto":"","createdAt":"2026-08-01T02:02:04.000Z","updatedAt":"2026-08-01T02:08:12.000Z","totalQuantity":0,"nearestExpiry":null,"batchSkus":["37","7896013105695","38","7896219700038","39","7896524726457","40","7896098904671"]},{"id":9,"name":"Álcool","brand":"","category":"Limpeza","flavor":"","unit":"Unidade","weight":"","description":"","imageUrl":null,"minStock":1,"salePrice":989,"emLiquidacao":false,"ncm":"22072010","cfop":"5102","codigoBalanca":"","codigoProduto":"","createdAt":"2026-08-01T03:32:23.000Z","updatedAt":"2026-08-01T03:32:23.000Z","totalQuantity":0,"nearestExpiry":null,"batchSkus":["53","7898917671153"]}]
[DB ACTION]: Consulta usuário ID:1 em 21:07:57
[DB ACTION]: Verificação caixa aberto usuário ID:1 em 21:07:57
9:07:57 PM [express] GET /api/cash-register/open 304 in 14ms :: {"id":2,"userId":1,"openedAt":"2026-09-15T21:07:13.000Z","closedAt":null,"openingAmount":46500,"closingAmount":null,"difference":null,"status":"open"}
[DB ACTION]: Consulta usuário ID:1 em 21:07:57
9:07:57 PM [express] GET /api/cash-control/status 304 in 12ms :: {"register":{"id":2,"userId":1,"openedAt":"2026-09-15T21:07:13.000Z","closedAt":null,"openingAmount":46500,"closingAmount":null,"difference":null,"status":"open"},"summary":{"register":{"id":2,"userId":1,"openedAt":"2026-09-15T21:07:13.000Z","closedAt":null,"openingAmount":46500,"closingAmount":null,"difference":null,"status":"open"},"openingAmount":46500,"cashSales":0,"replenishments":0,"withdrawals":0,"adjustments":0,"expectedAmount":46500,"movements":[{"id":2,"cashRegisterId":2,"userId":1,"type":"opening","amount":46500,"reason":"Abertura administrativa do Caixa","createdAt":"2026-09-15T21:07:14.000Z"}]},"pendingReviews":[]}
[DB ACTION]: Consulta usuário ID:1 em 21:07:57
9:07:57 PM [express] GET /api/cash-audit/config 304 in 9ms :: {"toleranceCents":0}
[DB ACTION]: Consulta usuário ID:1 em 21:07:57
9:07:57 PM [express] GET /api/db/status 200 in 4ms :: {"status":"online","message":"Conectado ao SQLite Local","latency":15,"lastAction":"Consulta usuário ID:1 em 21:07:57","timestamp":1789517277847}
[DB ACTION]: Consulta usuário ID:1 em 21:08:08
9:08:08 PM [express] GET /api/db/status 200 in 6ms :: {"status":"online","message":"Conectado ao SQLite Local","latency":15,"lastAction":"Consulta usuário ID:1 em 21:08:08","timestamp":1789517288129}
[DB ACTION]: Consulta usuário ID:1 em 21:08:12
9:08:12 PM [express] GET /api/cash-control/status 304 in 14ms :: {"register":{"id":2,"userId":1,"openedAt":"2026-09-15T21:07:13.000Z","closedAt":null,"openingAmount":46500,"closingAmount":null,"difference":null,"status":"open"},"summary":{"register":{"id":2,"userId":1,"openedAt":"2026-09-15T21:07:13.000Z","closedAt":null,"openingAmount":46500,"closingAmount":null,"difference":null,"status":"open"},"openingAmount":46500,"cashSales":0,"replenishments":0,"withdrawals":0,"adjustments":0,"expectedAmount":46500,"movements":[{"id":2,"cashRegisterId":2,"userId":1,"type":"opening","amount":46500,"reason":"Abertura administrativa do Caixa","createdAt":"2026-09-15T21:07:14.000Z"}]},"pendingReviews":[]}
[DB ACTION]: Consulta usuário ID:1 em 21:08:18
9:08:18 PM [express] GET /api/db/status 200 in 15ms :: {"status":"online","message":"Conectado ao SQLite Local","latency":15,"lastAction":"Consulta usuário ID:1 em 21:08:18","timestamp":1789517298262}
[CAIXA] Erro no fechamento automático: DrizzleError: Failed to run the query 'rollback'
    at SQLJsSession.run (C:\Users\Victor\Desktop\IntegrateSystem-main\node_modules\src\sqlite-core\session.ts:148:10)
    at SQLJsSession.transaction (C:\Users\Victor\Desktop\IntegrateSystem-main\node_modules\src\sql-js\session.ts:83:9)
    ... 2 lines matching cause stack trace ...
    at autoCloseExpiredRegisters (C:\Users\Victor\Desktop\IntegrateSystem-main\server\cash-register-control.ts:116:15) {
  cause: Error: cannot rollback - no transaction is active
      at e.handleError (C:\Users\Victor\Desktop\IntegrateSystem-main\node_modules\sql.js\dist\sql-wasm.js:90:226)
      at c.step (C:\Users\Victor\Desktop\IntegrateSystem-main\node_modules\sql.js\dist\sql-wasm.js:80:405)
      at c.run (C:\Users\Victor\Desktop\IntegrateSystem-main\node_modules\sql.js\dist\sql-wasm.js:83:87)
      at c.statement.run (C:\Users\Victor\Desktop\IntegrateSystem-main\server\local-sqlite-realtime-persistence.ts:52:24)
      at PreparedQuery.run (C:\Users\Victor\Desktop\IntegrateSystem-main\node_modules\src\sql-js\session.ts:131:28)
      at SQLJsSession.run (C:\Users\Victor\Desktop\IntegrateSystem-main\node_modules\src\sqlite-core\session.ts:146:74)
      at SQLJsSession.transaction (C:\Users\Victor\Desktop\IntegrateSystem-main\node_modules\src\sql-js\session.ts:83:9)
      at BaseSQLiteDatabase.transaction (C:\Users\Victor\Desktop\IntegrateSystem-main\node_modules\src\sqlite-core\db.ts:589:23)
      at closeAutomaticallyForDatabase (C:\Users\Victor\Desktop\IntegrateSystem-main\server\cash-register-control.ts:83:18)
      at autoCloseExpiredRegisters (C:\Users\Victor\Desktop\IntegrateSystem-main\server\cash-register-control.ts:116:15)
}
[DB ACTION]: Consulta usuário ID:1 em 21:08:25
[CAIXA] Erro ao fechar: Error: Falha na gravação simultânea do banco de dados. SQLite local: Failed to run the query 'rollback'
    at multiWrite (C:\Users\Victor\Desktop\IntegrateSystem-main\server\db.ts:168:11)
    at async <anonymous> (C:\Users\Victor\Desktop\IntegrateSystem-main\server\cash-register-control.ts:243:22)
9:08:26 PM [express] POST /api/cash-control/close 500 in 282ms :: {"message":"Falha na gravação simultânea do banco de dados. SQLite local: Failed to run the query 'rollback'"}
[DB ACTION]: Consulta usuário ID:1 em 21:08:27
9:08:27 PM [express] GET /api/cash-control/status 200 in 14ms :: {"register":null,"summary":null,"pendingReviews":[]}
[DB ACTION]: Consulta usuário ID:1 em 21:08:28
9:08:28 PM [express] GET /api/db/status 200 in 10ms :: {"status":"online","message":"Conectado ao SQLite Local","latency":15,"lastAction":"Consulta usuário ID:1 em 21:08:28","timestamp":1789517308904}
[DB ACTION]: Consulta usuário ID:1 em 21:08:38
9:08:38 PM [express] GET /api/db/status 200 in 9ms :: {"status":"online","message":"Conectado ao SQLite Local","latency":15,"lastAction":"Consulta usuário ID:1 em 21:08:38","timestamp":1789517318995}
[DB ACTION]: Consulta usuário ID:1 em 21:08:40
[DB ACTION]: Consulta histórico de vendas em 21:08:40
9:08:40 PM [express] GET /api/sales 200 in 6ms :: []
[DB ACTION]: Consulta usuário ID:1 em 21:08:40
9:08:40 PM [express] GET /api/cash-control/reports/history 200 in 5ms :: []
[DB ACTION]: Consulta usuário ID:1 em 21:08:45
API Request - GET /api/transactions: {
  start: '2026-09-15T03:00:00.000Z',
  end: '2026-09-16T02:59:59.000Z',
  businessType: 'padaria'
}
[DB ACTION]: Consulta financeiro em 21:08:45
Storage returned transactions count: 1
9:08:45 PM [express] GET /api/transactions 200 in 33ms :: [{"id":4,"businessType":"padaria","type":"expense","category":"caixa_fechamento","description":"FALTA DE CAIXA — Caixa #1 — esperado R$ 527,90 — físico R$ 525,00 — diferença R$ -2,90","amount":290,"createdAt":"2026-09-15T23:10:43.000Z"}]
[DB ACTION]: Consulta usuário ID:1 em 21:08:45
[DB ACTION]: Consulta estoque completo em 21:08:45
9:08:45 PM [express] GET /api/inventory 304 in 16ms :: []
[DB ACTION]: Consulta usuário ID:1 em 21:08:49
9:08:49 PM [express] GET /api/db/status 200 in 6ms :: {"status":"online","message":"Conectado ao SQLite Local","latency":15,"lastAction":"Consulta usuário ID:1 em 21:08:49","timestamp":1789517329093}
[DB ACTION]: Consulta usuário ID:1 em 21:13:07
[DB ACTION]: Consulta histórico de vendas em 21:13:07
9:13:07 PM [express] GET /api/sales 200 in 52ms :: []
[DB ACTION]: Consulta usuário ID:1 em 21:13:07
[DB ACTION]: Consulta usuário ID:1 em 21:13:07
API Request - GET /api/transactions: {
  start: '2026-09-15T03:00:00.000Z',
  end: '2026-09-16T02:59:59.000Z',
  businessType: 'padaria'
}
[DB ACTION]: Consulta financeiro em 21:13:07
Storage returned transactions count: 1
9:13:07 PM [express] GET /api/db/status 200 in 150ms :: {"status":"online","message":"Conectado ao SQLite Local","latency":15,"lastAction":"Consulta usuário ID:1 em 21:13:07","timestamp":1789517587843}
9:13:07 PM [express] GET /api/transactions 304 in 151ms :: [{"id":4,"businessType":"padaria","type":"expense","category":"caixa_fechamento","description":"FALTA DE CAIXA — Caixa #1 — esperado R$ 527,90 — físico R$ 525,00 — diferença R$ -2,90","amount":290,"createdAt":"2026-09-15T23:10:43.000Z"}]
9:15:14 PM [express] GET /api/cash-control/status 401 in 9ms :: {"message":"Unauthorized"}
[DB ACTION]: Consulta usuário ID:1 em 21:26:25
[DB ACTION]: Consulta histórico de vendas em 21:26:25
9:26:25 PM [express] GET /api/sales 304 in 72ms :: []
[DB ACTION]: Consulta usuário ID:1 em 21:26:25
9:26:25 PM [express] GET /api/db/status 200 in 24ms :: {"status":"online","message":"Conectado ao SQLite Local","latency":15,"lastAction":"Consulta usuário ID:1 em 21:26:25","timestamp":1789518385854}
[DB ACTION]: Consulta usuário ID:1 em 21:26:25
API Request - GET /api/transactions: {
  start: '2026-09-15T03:00:00.000Z',
  end: '2026-09-16T02:59:59.000Z',
  businessType: 'padaria'
}
[DB ACTION]: Consulta financeiro em 21:26:25
Storage returned transactions count: 1
9:26:25 PM [express] GET /api/transactions 304 in 15ms :: [{"id":4,"businessType":"padaria","type":"expense","category":"caixa_fechamento","description":"FALTA DE CAIXA — Caixa #1 — esperado R$ 527,90 — físico R$ 525,00 — diferença R$ -2,90","amount":290,"createdAt":"2026-09-15T23:10:43.000Z"}]
[DB ACTION]: Consulta usuário ID:1 em 21:31:01
9:31:01 PM [express] GET /api/db/status 200 in 6ms :: {"status":"online","message":"Conectado ao SQLite Local","latency":15,"lastAction":"Consulta usuário ID:1 em 21:31:01","timestamp":1789518661734}
[DB ACTION]: Consulta usuário ID:1 em 21:31:01
API Request - GET /api/transactions: {
  start: '2026-09-15T03:00:00.000Z',
  end: '2026-09-16T02:59:59.000Z',
  businessType: 'padaria'
}
[DB ACTION]: Consulta financeiro em 21:31:01
Storage returned transactions count: 1
9:31:01 PM [express] GET /api/transactions 304 in 9ms :: [{"id":4,"businessType":"padaria","type":"expense","category":"caixa_fechamento","description":"FALTA DE CAIXA — Caixa #1 — esperado R$ 527,90 — físico R$ 525,00 — diferença R$ -2,90","amount":290,"createdAt":"2026-09-15T23:10:43.000Z"}]
[DB ACTION]: Consulta usuário ID:1 em 21:31:01
[DB ACTION]: Consulta histórico de vendas em 21:31:01
9:31:01 PM [express] GET /api/sales 304 in 10ms :: []
[DB ACTION]: Consulta usuário ID:1 em 21:37:10
API Request - GET /api/transactions: {
  start: '2026-09-15T03:00:00.000Z',
  end: '2026-09-16T02:59:59.000Z',
  businessType: 'padaria'
}
[DB ACTION]: Consulta financeiro em 21:37:10
Storage returned transactions count: 1
9:37:10 PM [express] GET /api/transactions 304 in 146ms :: [{"id":4,"businessType":"padaria","type":"expense","category":"caixa_fechamento","description":"FALTA DE CAIXA — Caixa #1 — esperado R$ 527,90 — físico R$ 525,00 — diferença R$ -2,90","amount":290,"createdAt":"2026-09-15T23:10:43.000Z"}]
[DB ACTION]: Consulta usuário ID:1 em 21:37:10
[DB ACTION]: Consulta usuário ID:1 em 21:37:10
[DB ACTION]: Consulta histórico de vendas em 21:37:10
9:37:10 PM [express] GET /api/db/status 200 in 74ms :: {"status":"online","message":"Conectado ao SQLite Local","latency":15,"lastAction":"Consulta usuário ID:1 em 21:37:10","timestamp":1789519030911}
9:37:10 PM [express] GET /api/sales 304 in 74ms :: []
